f38a6374c348f90b587e046aac6079959adf3835,0
f416de7491a31951f79b3cee75b002f4d1bf0162,0
ee04141918b4acc1477dd4fd280c64f52a33fcb7,0
f883c7a598a066ec1798db7fa55e5c4bf685970f,0
fb579535bedcb535f1abdbb6a0e9dcefd0616b59,1
f0df1f693b7cc12e29a8df67981b151f75557437,0
f6a66daa52a9cb3077ca3d0cccb95be44277609c,1
ec804b26fc1b1964fc39aa5ce7aa476b66842916,1
ed47bf49b4f14159b3f797e53afe844cac6dc4eb,0
f01eaaefcd2cf414677e1510a45b9eb286d57d9b,1
ee6be35030f7906cd11623da7f0689340fd0ecc1,1
f759f3cfb50ef5dcb60991478f5e27d78af4305b,0
ecdb44e67da63cc5d3a7d92d9fc7542fab852bde,0
efced8cfd132bc2f737327d9a2063fe6c22f18bf,0
feecfe66081497c007b1002747569e6501c83d11,1
ef0789702819efc2c66ea643cea971180d2d9884,0
ecb1230c20ed8000573a89f721cd27c458438760,0
f446223df4add53bd0071db2f3d1f8452311ac42,1
ff7f91543e2129587f10febb61caf17f90b18dd6,1
f8acff259b3c950fb0ce38d81c63fd0edc19a8e3,0
f001024d3ff7dccbb9b3ae0410801e6fbcf48871,0
eeabebffc26806d0091a5a520e671fff972ca9dc,0
f7585959434ac8c3162eb892074d5ed0e9a0a7c0,0
eb5cc9665b31c9bb241330f72346126fb6f8e8ba,1
eb1c2958c5b26b0568b12aace91dd85bee5b546e,0
fb93ad19061fad8b90f3eb83a64af272198a4cee,1
f4aee0b287862fa8ff371415e4468df4998cbb4f,1
ee428b099f4a6999bdbf3bbcd62fa4cbd61bc3a5,1
fcccc7be6887dda515fd84433a2568244a9d0148,1
ffbbaae6eb37f7dc81579c0461590eecea3839d4,1
f9e545fa28da5bba21021533228c1bffec4734ad,0
efcf1f070efa0100968773c522af474f561cee40,0
ed1b08b5a825edabf56e753651714d22120cabd9,0
feda8b91292303dfa90cdedf1aa66dc7a38e87a7,1
fb391847f8d4d99b3e4e5fba916da7d963f1c694,1
f8600d906b75506a3eb733998c1c6080216da300,0
fa5d329219150073c9364df11250ce9e2835c43f,0
f95f86258e1ce067b741e40de5014e1b60694c8c,1
fb7fd9d4fa5a65d72ed2531fe4197f8a8f2eb9c6,1
fc43812f54bb51dfdbf26e9a8db69cb40fef04fc,0
ff490ff1df6162d5e5f08f32684f156f74c4e989,1
ebad8c2dc321cf920e037ff90b2ae88cd16db867,0
e91455a3566a9d7228291663e8b621e733bfdee1,0
fc347071c86168960cc7421a3b647ddc6215c964,0
f1be09086e94f056d0089dc0f9e812cf65dcbed7,0
f0081e466b683ccb7d6e65446673dda5887df365,1
f3defe6c1b4dfc173d1dee3f0490e2cb158142a6,0
fa10b9a918242cf2f3e6b74006fd7d99d1f4124d,0
f70f45cab3c6043a8d97ca29b7d9bc3f2104636f,0
fc7a209d1e55afdf7b37f7218f52bfe71fd79bcb,1
edf2c3ae992adc65768b2b917e87ba88ffc46e85,0
f04ca0c3c7318da0ed846ca0ecf0de779fea5baf,0
e9ad8d3db7b685b33abc753efe6c330bb0db619a,0
f59fb8b6a81cc2d32aee674438e1d894c9b6c554,1
fb93d03d406a4bc0cf440ee87ae20d31314c14ad,0
eddaa87bf2e87cda90270901d42db692dc0db541,0
e9b4a3ae1c593c168738fb9764f1af67c178753f,1
e8eb42e63ce716d6e297d498829bd784d96131e7,1
ef08b71f0159fb91db5330aeb3724f31199c54ab,0
ebdb02859bea76be96813ca9b1cb4ac06d039dde,0
fc4fb144fc179d32669ec7648f51cf809f41a487,1
ed6c3e3913f48e9be8c959eb4f77e5f0dcf100db,1
f8bb38d5fb378390d5152e43766a3b6016de25fe,0
e982373133db2412a4c1783ae27728b9a8ec06cf,1
f2a01dfd53d5f58f899f87ef18b1b8f22ad36566,1
eedb87679bb9c5ffbd353d02b812c1575fcec0f4,0
f5be769bc9ee64f6499a10066d6e3f4e44e3e0fb,0
f9b50328678e5d1bd5421edb50e35c2ea0a79927,1
eaf9eec6de0342ec8758433a076bca5924f5a036,1
fc48631a1fc46551b1225f396c967b2c06d5a9d0,0
f84572f34e6cb9bc4f24b33af624c8ab103d87b9,1
e91d656c816edc5c1931c61699c87552e0914adc,0
ef14fff08ce584094b17f6ecd3366e2571785ce5,0
f4f1243220c1f51190c4f1c54a9ec5e47358ea63,1
f3ff13a9e4c7a38a4e48342b7d65424cafe60977,0
e93cd77ece098807fd84b228bd97c8b4f40ab86f,0
fd1e5dfb61e82b60c9deae47e9dc2dc98427172a,1
fe48c2bd72f310321ff530bbf480c155a6fd085b,0
f2074e87819c705bd56856b9325c9c728c616d75,0
fb09c37e2f08a1c51e0616d851ffc2761f7319b1,1
fed46311d6bdf8dd09abb3fcf38ff3857936b9d7,1
ecf96353210173bc168f2ce346617c003fea58af,0
e8f1b329ee08745fa84795d2c22942c445c76472,0
e90194b371e1b66e68c51577440f2008dee07431,1
ef6b8d5166df564003ca598976c257644e9ccd59,0
eb00685175086ab0f5eddbbdddbc524dcff39b21,0
e9de7b0db8a6184d89825a8365ee8308b721f948,1
eed8b896088ba49287c43d2913a2c9c9f6b7e171,0
f50f0d550d8f145d57067397ece258a2722b1036,0
f22742b31938d88a19bb4c02a671bb49ba40b5b3,0
f0dd0e9c89b0ea42489d9dcfc1a0c61de8a3127f,1
fb86a744eb1cd4a343a154e4ccb0013f2a0b8474,1
f700dd1dbf7438f8b9995828bee4dfbc90a8bb33,1
f0d1cf6d17ac78c93e1588fb677e17d3c7a9aad0,1
ef95eef29e311ea4fdfda4974051a02cbca39176,1
e90d9a082f80dadd8a90d9d895b4096c3a46bb5f,1
fab88478ab90e7096a478e6ae96008598a4327b2,0
f4b700173c73db0d3b78578c2a117c85000cc223,1
f4e7e53dfca928ace042adf3836fce1ce08272ce,0
fa2c542f9a83215af026d653b76efa7bb23c109a,1
f00e8d7cf5372a89235a36db9724d3aaa27b9e2f,0
f4d5e3337a2b6ee1ab3f0f8e4a51f695c31504be,0
f39dccd9a4d8c76fe222ad2ad1a0bde2e2406987,0
ea57e02d129cb2c74dde9229b50d036f93f21457,0
f15bd01867e0b612c9ded78be80252fbef89349f,0
f810716cc4735fc3165ca3fd48fa5e909cb72b75,0
fd46e483aca49129e0fde20486053fa59bdc5294,0
f0da8f1fae18eae8d9480a7201177bf37ca3bcac,0
ec696a83d623a865512ba1b204a5cb3f75cf2a2f,0
fc3fb94915c66276332b8926ab8fdcd5cb01bdfb,1
efcb72dc54ff276842253b62e0f4cf9030021bb5,1
f4518a4fc646f785e1cd0b3f520d3622d9182a70,1
f8a6ffcee7e17dfcc5b3ba2feea19df3cfdf97ae,0
fb91604eef3d38044c731d5ab77b906bc75a0d42,0
eb0d882b7a351db11b0409279e6d6d8aac9ae31f,1
fa5c83b89f82542dddba332b6f4486e6d278b783,0
f8d386ea7b99cc6e73bcb67212d72563766bdab6,1
fa28dec0106a46aaac6b265cc735c73a4f2c2746,0
e90e94e5209faed3eb2489754c2745af5490cf00,0
f9b991d72e77f04615dcdfea2975a09395aadb8f,0
f96dfb98853b43b1900e673954e4744c551c617e,0
fc689c7def74c6e97ddfc2949300e422a62a8c65,1
ed19d08ee20874e246cbb1818a903e78d400d225,0
ef31b9783b10c321b070c976cfe4f1573d9bd522,1
fa501345ae0cf137a1de5c7ece9088197129617c,1
f3a312dd268b1a753b776eaff1b739c0671b0398,1
f1057ff787017ccdc6d2820ca47675fc28dcf72a,0
eec79d261c84d8a13ecba9bae02a2088b0a9bd20,0
ffe632addae0b0846dcc4f60d715cecefdca0983,1
f43aeab4f6424276b6c2a60a20d3872bf8fc8d47,1
e9aa2d00c4eb84e6286d1dfe0d99257174cbbaea,1
f80ced91786afdaf830c87e22031f6be45c13d4d,1
ffcacb05e57c4a333fccb2744298b9275a9f79c4,1
fc75f3ad685a67c56c203a6d60c072b7987248f7,0
ed420b42d5989f1cab68892c1b94560475ac9e21,1
ff9f086544c05f9c4d9bc2e89c196423a9cebc57,1
eb709dda62cf2f9c6f3988f7ac4202c17cb92211,1
edc8e5569aa6c47d624bb8bac83ee91c4fc8f737,1
e983802590745f1c30e3aaee99bf14b757c0f47a,1
fcd1c34f0b0299c1434635c4f39373802651bdc7,0
ec18e31acc743edd6c0df731910ba18be6763adc,0
fb0dfac3b36a37c410e8c623af893105710fda0d,0
f0fe67d3c7d9a6dbf4de207d76f285f6b0886cd0,1
fbebf40ee628c6475a6aa3cc77966cc104409a8a,1
fb795989dedd89a31def1c3d227725b51692acc6,1
edeb1c073d8c2f82c2c5d277de46a18941f0de1c,1
f80897baad3bfcb1da4b2f19729d54bc84312253,0
ef1ffe988a0cd743ee92be5c4ce17162db03f5d4,0
f9aa371bb7903ac0f284efb07a15165d4295e36c,1
f3fbe73893badf5ec2f3d0dacda4a1b5d450e6f7,1
ec0639d5408f7b277857d01bf20691926b448e8c,0
ef409410109444a74d9dfe561c04cbfe92dbb460,0
e95efe55894dc8c8ef63bf3122794a2eec94be20,1
fff6bdebc821d403b332751bfd29f3ebfd3ecca4,0
fca25b73e93d7a36fd17971862dc2d4e2cd734c1,0
ee40c2d836c8e22a32055cc5277f02e49b715979,0
f669b2355e8eaed18973de578e36daad3661dd1a,1
f3419520d0baf80895e2871109e38103daddd52d,1
faf02ce7b09babf139bbf0276187dafae4ba8f7a,1
f8096d6cb786951eecb64b56127fcd978b12ec70,1
f8128060be0ebafcc8cc4df72f5a41e65dfcea2b,0
f9cecc39e3a6b4314cb692ae5be4e8071165e6b0,0
f98f5c2c925c7853213881ba0091025b001b88bd,1
fed3806f52721262abf4823b832e343c1542cca1,1
f8736605439770df357e26b704645b9c1eaff506,1
ebe1e3f7c280d4a5537590bb84f8513e6e21081a,0
e9581a1e49538ca0c03585f99732e95270c5d981,1
f2adb47e15dec8acb929faa3b78f5ffba5433fe9,1
ec3fd66df9b260d61bce6c5b7872d6358060bda3,1
ed98ac6ca5385b60426f3a0a5cde4ba36d8d9755,1
ffa8937387e32ed942bc7eb1ae2c0f7b24547cb7,0
fcc62d89f1e84322b8638725708400f0cdf4612e,1
f41f421fa54224868255cf410b700d55c313a67e,0
f4a4fabcb0ae7d8af4ef08b04aeaa5301d121ac5,0
ed487bc5748649b35d5b3d49f0cbcab39e8b4bd4,0
f8e166eb1ff601b6fb28412b3b131cc254c843d4,0
fabf0ca6d0d836f22f184bf904945e64e6db3cdc,0
f6c747f297375645c284a26b77b8b8b4b882b907,0
fc3bcb02247c420a01f5335091bbc52e820e6f0b,1
ec3625caaa26a656c33484ab0977eae0f2297ab8,1
f8bdd2e7180d6b70f36822cada70287bea5b4caf,1
f947205878f6291c4d97457953d390a0d60a31d7,1
f4d8f7888c2638f41ab30df6f01df5f4a4aaeae6,1
f2aac27d9f23a68b6dbc57f9cac55d0acacb895e,1
f233f909c1d159df82462145a04ab20ac762818a,0
f2dee1e249e890a62c4c2017d8b0aa39e8bc1dba,1
eda0a1c2fcb8d9dfb83eb5e85ce0a7b338ef777a,1
fe9d3d8642f53d8802b36671769fbfea339bb78c,0
ed6ba93642d597b397eb4162051b2e0ad40521be,1
ee18d2d7a5549aa0a8624870594127be1a74b777,1
ef65e3f5906fc79055bf6aee837a6b7a23c61707,0
fa803915e06f84b1612af3c02cb35afb64603079,1
fe074178c81292b1a4604f4877354808c32e9c3a,1
eaac5e6839dfeee04652c216e1a188b2eb897061,1
fd51f178e7f83c2cadd67777dffc9e72f00e75dc,0
ede85b4328ccaafa189e65ddf0490ab348196daa,1
ef2cb61d073a9eafaaef4c6c5bdd83fa9fdd361f,1
fe3921032f47b22758a81717bb05d7b4dbc86bfa,1
f5b703e113f7fb0c49dad48626fa43afe54b27a7,1
f238c8d42363a347e43599c95fa70bfbdcacb151,1
ed32d8476ed73c50fc8187c8f3f2b86f47cf8480,1
f87858f448d76b95e597441961331c120cb41837,0
edd62e6014a46f6decaad3c92e2f3df7aaa1dce5,1
fb08019baf8183b15468b7ac9d229fb9be33f721,0
eaf1d76ba8685a0e43fc06b9066d8938a5f0abef,0
ed07e9f317cc25a19a092de6eaeb75aa0a035668,0
f767b704f6b95fb115b79777c0b27d5c37746880,1
f2e3111c90c133627ced9fb2b5309d52c1be0018,1
f99e74893e2e2c6498acde73aae69bd5059c9e9e,0
fab9168d1b804ba651c8ab8265ea4a572d2bc0c3,0
eb389873ba1d5b46a8962e5e969021f931228ec3,0
ec9f470f2097c2035a52a7289afdd1db646e7cc0,0
f2a269afeabcb30a8a9983cff213dce5df101f41,1
f20dd9eaef4926a7b947582e160490ee4e234469,0
f6c122461146c06d3a58b349b7d63cb193a16b6e,0
fe9881cb06da7bd450269c6afe62c268b40793fc,0
fee43cffd0cdf5d522b982847905ff27b4a99474,0
ec1c4832f67be92b8d8a00f37c511b772540ffe7,0
ecd92cf8854d4349af43a27675823e5408e98c7e,1
ff2a7663c2239e1006e91312db4a09d3de55b3eb,1
ec6025040af7328699166d0fcd3e1a41c6ed8e65,0
ff7378725aab516a76dc1a44b8734902c03d374a,0
ecbca8f00c07c7e540f4a71ebfdfa23164ff6810,1
fa54084ca1c39c4b0bdfa57e6b10685ac0dd9c88,0
f167481ad0ff20cbb1989796d057069b4c50aaeb,1
e98ccbe59ee47cb1bb7e2b34652d6b4f311086cb,1
f3b73f0bad5f069430373f5d8b8b6220c2894238,1
f088b39ffe2818ebd4b8568fd82de4cd16298a19,0
e90fb5ec72ef4097d74f5ef0a374736b71a75842,1
f344c126928d2b20924621d061644446f4158f06,1
eb57d2b92e1b100126669fd5aa92acee41240849,0
f22322c8c3d3df8cc81cc4439c2b94d9b9e2af26,1
fa111ec5d9e5ed8e5fc323be39c7ea3f62ee422d,1
fe8594a36d0b6197d65085d97db3a2d7eda87366,1
ecabaf3de485bb0d48bae6bbf8d230e452ade02b,0
f20a395f99ffa79ff8a13bb26cc2603c429bcd07,0
f1e0a8acaf38f8ea4aeadf5d5e23492c1088f768,0
edc6e050cb498605eeb010ee90c1cabcceff1d33,0
f149437462c643aceaaab70146514c55eec1a90d,0
efafe32e5c8f8aa52f2abdcd3b74eed644bfe575,0
ebf2fc160ee600184ff24072e51b7924ec2e1bbe,1
f1185ce41d87d0e87ecc7b8d6dba63ac7c007908,1
ec838ae47ffb339dc398f6dfc38ec5c357e922f3,1
fa7878f602b852135b3bf617572907b98f5c2854,1
f28cf5f69ef319b184639ea2d6ebc1ee17887d41,1
fdeeff3e817a3d07d666edd5af02371eb5495d07,1
f653ee567348d04af752bf0f90f385db664c0dbf,1
fb113c902bdc35489a628ebd372a5da397f52f38,0
fa961f9bf2572050f1cbab832452a5fb8f651320,0
f05483d749eae6bef06d477a065cccd95ca5192c,1
faa400287eb8b1dba5c7ec7f119c4f53bc8353e7,0
ecf5ade7c01db65bebfd29e0348eda385798ac73,0
ed2e92f114afbe0321f8e705c54e96904d231a88,0
f2b31ff6696e63710a90894f9da560821a38ff0a,0
ede323e830ef727cc66a0c1be89e5f6fb49f2959,1
eb311415f3e242490f5043ada16b4a75d464d8c1,1
fcd220a2c93b3a1f7f3e1d079bdb4e2667e2ae83,0
f509fb1ba0ec1b06ecfa905b3a98ece44c29ce73,0
fe5d80bb1aac4dd0a644c8ab2f46d669dd93c628,1
f126f06dce98eff7e1d370603adb24e42a11c388,1
f28fada8f4fc1ca6c411349789f0764741f092ae,0
fa5358213e3d06a69e29d28683f100915168a13b,0
ef462e5829c3455e8dd9ac063f5f28b1c7db2161,1
f1b9d135874d3ff4eec8c7cf26a57dfb5f13e549,0
f7d5d3d6a7c9f7f311a47fa71c4dd27a9547e684,0
fe26cb2b490f6b29c5785528ccab2602261e3870,1
eca3adb7b7a2c54c7d6ef26f1c5dc1e0fc56899c,0
f9f703c95bf7e3ba25c0bdfc8726f415b64b707e,1
ff9cc2a738eee807934f5153dc4e1a3ccf016afc,1
e9382984c1d5990b8b059d9d5433b6081e79582b,1
ebce9dede3ec77a43209c3c502e9c4f524ac0231,0
f80aba22a4f163f7e0ce64a96a585792d1431c33,1
f9cf3ac2341e62e899d13dd8ac3ebec9fc7570ca,0
f561cb4a5b81f906d361e1b64bdbfdfb487a01d3,0
ea338835c2cf8d9eb8b8d62dae39568258092661,0
fb17a8f254cd59e6acedf07cdc908dca72ec70a4,1
fc029761ecd488c85eeb985efa158f59518482c4,1
f9a500354cb10c1c27c32f526bb6ff8f24eefe7f,0
ed7a8b5244cbd26d1db1d59c1d3f0e0f490d92cf,0
f42e0f7454986e3ea0d2e63fa4db5ef94170cb3b,1
edcc588c2dd93015c539b661c87bbe6a3eed538a,0
ea4922c95a5b101b2e9a5014502e978a54c9283d,0
f0bf3673b6dd30b9ebcbb7d9b8af6e81c0eaad55,1
f80885280a3b3bf408691014376761bac9ec0227,0
fb894bced3ecf8d57e941eef8866a56579e214e9,0
f23150493c9fa967ce924fffbd2fbcb105e6a185,0
f4a3098bfee9dd922f127fc784f5afa3132a8784,0
fdddd59ad3dfbed85a50778fd321c6da220caec2,0
ed7d6ebbf1b7c03853fac10f8c2f36f282ea7498,1
eecb523d800e830a142a6e172b2f9b92d6817714,0
ead16375695f4d6f1031030790d1be967dc06503,0
fc428a82def25d6864c5d3e96efb31846c0ca5bb,1
f45fcc63a4f06fcf14e369806387453547988ae7,1
f0a62da62be4500a3d52b89441adbc5f9ec96477,1
fd184798c42704566e0aa19ced002b554454a7fe,0
eceac9c13754257bfb1138c3eea41f0d8a3f88b4,0
f418c578d81f803bd43a04b3d693a00cead7c296,0
fc7fb0c29c1c647033b86a6abb9a982a2ed540e0,0
edd814c93c3a957325b2e04120a7b1549c52aa62,0
f141a38cba911611d942c009fbba8cbda211b1c5,0
f9282e781c35ac9eec88b0877ff87b3ad2fb76fa,1
ed04141737ad49adab00b6ea2efa34548ec2214e,1
e92be2a50d429e7aa7f2fda00e511ddf530bea88,0
fd06b5fc23d31a99afbcdc91ee96218510cab14d,0
f73e12807a67529e65c0c51ff92f1586cc7c53b3,0
f7146e138113fac77273f0fcd2c9b065623762d7,1
e9997ea2ad25c435e2a54640592a79099ce5040a,0
eb2719a97f1136b3dc8f5269c1594ccdc29c7bba,0
ebcd75da1542ad121dee5707febe7bbb210b8ba1,0
eaada6b3535f8d9417aa8f65ac72ce1ab5e37422,0
fde4dba76e6b1183d21c76ecc9f84eb4f9a86ba1,0
ef64880b204ee575d54b6d7c352dd71027c685a9,1
ef34c73e39aa217c1ffee170cb33cc92ad2cc6ed,0
f4c5ba9ffe1e0631d93d56fe04c9a1c76b6763ee,0
faa099e09004cca99866dfd9de8923ac2cdfb378,0
eca8379507a6f42594bb322521bf1ceffb18e89e,0
fe02b76a76d1d06d37df3e074ad07bc5132fd8f5,1
fb79a0c37e3b5618d36ca72bafb324c4ddcb44ef,1
f91e889c962fb8dee3dd6293e1d68340682ff9c5,1
f9ebef33f4ce7e738124565817ac8ee25a50c280,1
f037954b2e6e14ce105590b29f2a3c2f82a3acec,1
f7eca5aadabaeaff59a1e25692977b749e1d57fa,0
e8ecd78933d160d632cc5da0f3e775a14dc58588,0
f00102136389f4bd2ed414633b0ceedae8d3bf0f,0
fbfcc528e4c0f60ea036aef380c3fcf61b1e6548,0
edb98d787d2bddbd02f2e0695e82a1408de89bab,0
f6ac232d56b94cc0acdc1b392103505fb084a63b,1
f12c68da194eeb4c96f982eb39771e4c8d4cbb3c,0
f8a560fb7bfcad112ec197596fddcbdae868ab88,0
f9375604918f90538dbae6b07b6dc39915265543,0
ed90ce7d60a9930239f8054843dfd739edb00a69,0
f8c8a41a0cb82934eb457f4321e57d7748161712,0
fd21ad8beec4297d1912cd7af3d6c5818635e0f5,1
eb065085ba09e8e4fc911a670996c983f0e8c558,0
f4642afe38d1e66018406388f4e2d61b9997d490,0
ecb6acd7e9eef08c895cdc1eeaf4afa3da36012d,1
fa754655d6fb840e17d14c294e675693bb2fa0ef,1
ff9e95ad86ff8aee23b513f15a9aab9aadf3e785,1
f3dec1aaa0da7976c9003502c6d3edcd0e5d82e5,0
f3ea16090851502d128d68165d8cbb40e2094157,0
f9d5c30281c7e7013f00b0493356592618e22332,1
f2468f28d5b452182343d568ff39e5e5bd9d8cc0,0
eeb004716e10b9349d9a5936e87f388e054f6dbb,1
eb41ed9009190379c27068cbaf41ba31538fd620,0
f798b61e3351c7627b1a0ac1c13312c8b64684b7,1
f592e6bbfa329be1a717278a19e98fddc1cf2d00,1
ea62cbcd62f4438f47902b1bf83008ad5eefa419,0
faded65f32858051d6976ef5b61789d0c3cca3b4,0
ef0bc51507a6afa66b37de519392d41426ab3c11,1
f124ff91c3618d4d388dd31f36d694b0dae4dcf9,0
f29e0ad59a07f493c12168ef25c4eed7565a3e89,0
fc769d854a9b0b30fdc09f6a920c772ce217a96d,0
f83a1e7be2ce5112a0249f9de4b5e5a92ccb5ade,0
ebe87f440cc38137043b915c384acf0e4a008bd4,0
f9947bbe57fde7018fc2d00b4b98e71429963552,1
fe637ba0e27d2173d1de8d00ea90dbcedefe3fc0,0
ffb58b42d9db0bc7ef7147014f03b0a342a266d8,0
f1f763e97e07bae338284a0648fc15c95777af9a,0
fc3e85a1166d55e07bcad7c07a69661c5d66e5c0,1
ec3f84d73b3e844cf14ab254e9f9ff34df0f72d3,0
f621a87aa60944fc48e7e933b03e10a27180e5c0,0
fb49bd841b43fd8d1ed722648a24de50fd6c9385,0
f5e7ef1f9c8d8833ec7c35a689e52b7521329661,0
efe70b52c2a0971b85527b8b5c0d084ef8243391,1
ec34c7c61b069074488279020c5e964df52f9e6a,0
fdfa213c4ba57339ce4bbf848c04b4f20cf7b749,0
eb3f543ba578b11ae76af5edc35435332d9efd3a,0
ead25212908d657775f86481998e1f2425e4d624,0
efc85cee10e0cd501ef89bbd25e2ade01b24e9c3,0
fd57dadd00be52dd63bc4831ecf48c79d3077d4a,1
fc2f6c3484549291ede83a3699df1a5c71665fd2,0
fc8a16c976a271d8ff100d10061c232282bda841,0
f36a164997c996ac9358593e5fb16c46dc15238b,1
edfdd3559b3036ec310dbdd3a0b2dac388db2c0c,0
fdbcf9c61f80abae0bb06c3431a43c39d0856695,0
f958fae0ad80cb5d3752c6c668f9be17e69f6cf5,1
f8b0ded3a954b04e5f4fbcf160548e7562d5b36f,1
efe7cd9935d9b412e9c324c567ff7c1c909dac6f,1
fd79972205f639e6b230186cbfc47d2e63e21fa4,1
ec6b41f0482a30f5ca3e63e4feba9a2ae2539782,0
f4b91f688dfa3236e683d0b85f0274ac0e446e79,1
ff9bf9ef11358e6ad84824c316337963666195e8,0
ec9aa6dad7bad3768ca5f38519409a0f38dfb476,0
ffbdf06f871ffa923612fbfaab3f66fdfd72a0c9,1
f006e7c427e133f39886b0c2dfe6d6cc7bd795c6,0
fcc2bafb0e2d5bbae48f0d1724b4ef8db6efc139,1
e919fd0fc7f4ed7a4da1994f9cccac6c8396ced5,0
e9b6f0d70802f7ba07b8dcba27f4067800f6b978,1
fd73fcfe3e4f9177399b4fd0562c66868dd6b543,0
f6373f269bd32e639a7f926b2615efc40eef146f,0
f948a3bd468b11f4c704e8b216d2cb23f2db3aa7,0
fa27da617b11aded1d0ee91bb1bcdcdbc2d27857,0
eda4d7eb7d0801b4bc41871aaca2af57bc5a9c0c,0
f8604f63e266ecab36256dcf5ecda8daf4587b00,1
ff0547eb9164dac012a6290b4548d1d9d2c330a2,1
ee24f13855dc713a39e2a44e2b0b8e3b4c5dae54,1
f10728c536f84066f8080a7b7ceae87a4a39a789,0
f19b566ecbb76f01d8efd6756d85e7016ecc522e,0
f55f915ff68355a904b6a7d0a1f9bc385b194aff,0
f9d37ee96cbfde7fb69bc10bbd770fe23b7d1f8c,1
ef39453286a2afda2c625aeeffce5dd0bd59d89e,0
fe64704629f9036521aa41e3c4ba43a965a00ff3,1
f93e87dccb76c081ce7e4e30f927d9e0bf60b393,0
efb53cd9ce5c4107e92d96aee9345d89987f2223,1
f82426e90b98e895510ac89d97d228269f4a8659,0
f772c9975c8d94f0111125b3ae1b308ffce96d88,1
e966838dc12c6d334ec2dae814472fa146958c06,0
fb2bdef44ff1a62a90f3fd7c342933e979cd4902,0
fcd6299287c800a3d0089f09588acfeddaf47ac3,0
f9f2e84ad32e5a6639401413cbc822c0745c5b75,0
fe70e21d8c1b9ca22c9638482033a54165bc3fdf,0
fca56bc4f0941e706923b66a886cadfd6acc8b04,0
edd91a1042a0174b40a71ee962d2bfe546fa642e,0
f460ab175e07f8cefe93c578ec768870913246ad,0
febf49779186cde7449dfb7e622e6f11030fb2aa,1
f195ba7df5755cb6ecfd8262d37f198b27b4dc0a,1
f66e913ec825b4ce084fc42df7bf7cbd1f02d924,0
f1d0c7772918c13dad475cf57ab1d7e069adaa4c,1
f8a432231681ced50da1b9eedb395fee0cda12b1,0
f313ddd22366e3660ff28585196129ddebef9c64,1
f8efeab43706e3119276ad0b9331d786643758d4,1
f4dd7b41e95bf61349384f103bf2e17e7c43ac60,1
fceccea9e7b055e6a0341f9073a14b033e5932f1,1
ff20fee37eaee1f39b126c7a660508ab0c7a9313,0
eeea2fe8178bec0ea8392e1a63a5be1930543ef2,1
ec8b08df2f5af89483aaadc47cd5eaa223a32a42,0
eefb1e6c92d885b2fbca3329bfd1866990d68b5b,1
eb6b3de19f002779438a1ce0aab1823eb8241fd2,1
ecf634786e3fccbf80c41b9c504b4328458392f3,0
ea0fb1d93b4bcdb4e3f77cd9d1de6ba630bbff3c,1
e9df65f876681c46489ab40e297453d8ba325c12,0
ffe775d60b549bfb377342bde5b225b9d83999bd,1
fd90d81e8f722bae9328f091806dcca5977d1396,0
f32cd66fbb31f875ad10bf6316c5d13b432470eb,0
fc67d79a93ba5b2c0bd1e51a23569433ff1ca1cc,0
f83a2352954616fe3bd860a71797345f7000675d,0
eaa460e6c641198bf7f53ec487655cc706ee1d61,0
fe9db4f7c3d78ba712622f9cd76a2e0d4b3e5895,0
e8fd02c7632bc7e9e8ad743a84100163fd50086b,0
eef5b49d8ef8ebaa0adad2d377d51c58c47c6df7,0
f69cf34daddfbc516e392b12e9ab72758d92c578,1
fee8bd0a7ba1622a39d26dacf1e7f06ef609ce62,0
f40bd571678a19eec87d769cc7d1c54f99297169,1
f5229b24c8fd5f7fdfbaed99f7ddd1a6fad7a894,1
ed4690024c692299228bf0ee0e99b614b49d9055,0
ed46662d154cbc03d6cff0ba4fc739f6490823a1,0
ee13620f5b8942f19f4a4dcab8da598bd7036562,1
f27a0c6710f742a08d6e0272ccd07ccbc4b16b9e,1
f42d93228843ddb1322e73a856bf80d8e6137162,0
febdff92122623a02f82c6197c21b0ff52739fde,0
f164d66585a28a18362ba419f19ea46b3f7fa3cb,0
eb124a351694ebf218ff07a03c0de43a0ec75e80,0
f95530dc02664c93dce53b83555797c26156389a,1
ea21a2ee63434b8cb3de5a07544ded3cf1eda6a9,0
f759b5d2d6755bf198fde18c80404aa26f2674a6,1
f296c881f01b7d39bdc2c3b5de3e3b5f7c8e79c0,1
f51c42889fa00047dfad66698d9aed8c11a25460,0
f8b429b45a3749b467efb7f00c0b2533e8efdf93,1
ef6e9c572f42c821af1ec8f3e492b1b9b2d41bc0,0
f9b18029b15496528f6789c72e3d80d361ae16e7,1
ff6bebebf0fefad18fd53012a0293385f5f8ece7,0
ef2944c3248eef09e43879b40a2a348f7491d709,0
ee00c1a265a8f9c65f15c871b7d179d03fcc3969,1
efb497703af346e0c723865efb72f8175110bf2a,1
e971107fb6b477ab22f0e5e6dc2bcf7c1cfdab97,1
faaf616d4fd4a3c1278ca01882887a01777adc3d,0
eac316b02a74c1f52c575e7933da01c59868b821,0
f4654184244cbeb209807dfd719d69b4250ec687,1
f473d9fa383fbecd39af530f83df33ef71e5b832,0
ef4391aa0892e09141c3236e50d9c1a2ee6cdb04,0
ff79b4247d904bda0bec807bacd91d5895df4615,0
f23d8dc11f5ec99a4c228e2ae4ab2be74bd70cda,1
f42daf40b854fa1bd07124674e12fbab59e69c02,1
f9d869f0e7c28cd0e68229dc0ecfcb18b50cc5ef,1
f5191db1ea12a98512af02b2c4642fc895e072e2,0
f4e551c72970b4982c14d840a97874a315ef60b9,1
f2bd28bf4b91d08480ed3f6f76effd2058fb7db9,0
fb1a51127d12a8527e1e00f46ec4d1f05dfeb61d,0
f002ad70d476c753f18909008cdd9b278bd5fa27,1
f9230170d04191f047201bde8574867334dd2c82,0
ed2217af1c2cdce497d88b180ec350d55eee4917,0
f0ec996aec1d261430c6bcf58da98eb9e780ffef,0
f129aceb30d0afac8f93f55003be9bfd833496e9,0
fc773c7e2f666c71b3a407c8d19010adbc43c764,1
f3fa44e43080289ebd59603537b68fb1eb47916b,0
f6095b710018b674676d412398fbb6a4c940189c,0
f79c5126d0c0fe3b7fdf53e3fe1195a2e723e242,0
fc27e42c9150f62b60cf3665f920fd9e7c37d385,1
fed8d6615db4e3aa24ce1d21a13e9499673ebfbc,0
ee4fa791e4acdaf3ef7cc4b4c913622feb0bac12,0
f12fb6b21f2f837eb56a7ee408210fd22f74bb4e,1
fd7fce082b8ef51081302a5286ee388d15714571,1
f51b0a72d92ea18cce80c8f5a9894f546d687746,1
fbb81d2950195ecd20f3c313f4754928161399fb,1
fca268cb863d05f7fa12fcdec891207a10a85139,1
eb5924ae6b1612d68f26b4d7c7d7973539f1549d,0
f0add2a3fce34fdba539659c77bb0c5c5a69e91c,1
f2ea2943a150f929bdde7dac7adfe7a4b1948bfa,0
fbde6b2405e290b5b629a78572f37c99527e0b37,1
f6648967bc618d8622f7826cc0df3c782381e82a,1
fff223f2658272a7ba11324ae1580b75790bc61d,1
eafd7247f69868909706e28dc0d8d30e9247c4ef,0
ffbb491134aee46442d36133ceefe59314ac9227,0
f5f2132a99856231228800fa9e6ce8e857d71407,0
f49128858e59396b16ea01a8249dea273c881c40,0
f3127fd8c3c16466df1e787044946863f9cdaf90,1
f0f605d0e78b75566f3b61f7122adc5dafd6141b,1
f8433bc5a647ff543181b9fc44a1850f67fba040,0
ea66d8b2fa070abca59c8b3c1bceff08ebd75ce4,0
e9c08b7fb152d4abb30be425ada007bd42c7f301,0
ffd1344a00d94b43987cdaa704a93e3f9f8b28ad,1
f83cf6e2314e75f948c5646a9470e93101e23c06,0
fcac657723900ee8516bb726136a8cd2cd5eaa87,0
f0f2ec6345895da49e1a0ea15fbebe7ca661ab9c,0
eaf23b3d4e4621657fc24b047d4a3815fbc228ec,0
eb7177faad6446471eca47d75b40e45f514622c3,0
f107b1d76b0c055c487656509c2d03982a268c2b,1
ec219b40e6b1ea9ece41de92d629c1243987d792,1
fc81016c267ca6bd76bb3064628fbaabd0a0cb1f,0
edcab7e5c2dc6ae6ba2a6b8c530e1c28ce5699ce,0
f0ea4586beca7555f191a25fe218563d6753cdf2,0
eeb66117108de46f4d1f3159e7298e90c4b8bff3,1
eee02991543fe16057dcc3aa8f23cd100c586448,1
ea956d9890b34514aa797a74334715c98b611b9a,1
ef4fee26238db0018143f9a39ac8cd656532bd69,0
e8e03e0d0e765e5c94233b402219d6ecbbb33a18,1
f9e1338ee0689928e6e26fa8d240bb095e56e349,0
f3efe8ad637114380c06f015510049dda7afc480,1
ed83f4ceb1badfb99a03a42056646711afca95ec,1
fad3a691a9957e552ccca351ff0a6e7929727319,0
effced3db54bde082a3e32ed148f2949c57df2d2,0
f1e0ec59beeb465b6499bca8bc0e2c5e5168b4da,1
f3b7dd1f55e5157b9600abef52dc5386f544d4cd,0
f150fdb08aeca30cbc883395809e9249aac6c801,0
ea85d93b3c660481563f4beb67f7fe4d3c689209,0
edeb6ccf0c223f1758d600db9aa64b70f7e0f02a,1
f9384771c02a11d4cdd9f2a5a93f01a0156979ab,0
f0559ddf71d8d9bada8688debb938740de7abeb5,1
ef156932844bb8f7376457d7f2e5a0cae58e3349,1
f929c7b43aeca2edd4a23408c022ba66da94aa3f,1
f9820d2e928ad6e71d953f4cd93103099b225dba,0
f8de4d552645dea068ce15dc16c5cadea5c3feab,0
f71d761278602cc4786883d28c4a58fea7b4a1c0,0
ebd56967a57239cd04359dec47da16f50599325b,0
fba160b6c1430236dd8a1ea1f7aba0058cffe698,1
f5e5f2c32a9b9aea5007f01a10cf177ae4b56280,1
fdb1e53f4b079acdc7b72eb2ff99dac3bc465206,0
fdedce39f0cbb1f6a594fa16305e0019588e71de,0
ed75d91d907826af0c958f53c0261180bfd9327d,1
ef665b7cf5c8aff65fb88c1d50020563159bfe6f,0
f4939572405596ef87b7e1e5f4d6e80666214076,0
f7a7f139de1633c17c85781df26f36254c457feb,1
eb5ed3ec72c9de2757d6b0194d319a31728eea3d,1
f583cb01d1b40cadd11c683a0b1624073abc74b6,0
f42e9c461a87dc56bf47ca015f1e4a3b566d2766,0
f59b3c1084b400f01318e10a045007743a20a93e,1
fa622ed56475847d0810ee7698167c78ba8a618c,0
fcf5d792e971dcb9b61253065f51007cee325410,0
f677e9ad81d5fded3878e2039c6225995db6a165,1
fc436b1323a58632c82d1aff5d5053f45a956b9d,0
f12702d24adfe07c0720b1413ea7357bb83c0b10,0
ffc25a27b4c8fbbfb55ff7be689b41d786921e28,0
f3f82d770afe1297ee08d8308e85118fec2165e0,1
fcc9bb1fcf5a1b1e2997f381dc4a7b36b0848afd,1
f2964403a37753301c267ab1f2deea300776eb7d,0
f640c260c19e2eb296105b2c0803d7540a8a9fde,0
f958dd74f89e8f78dd9081817bf5fd5730d73f1c,0
f3a4835ceafb7b1fd0cf7cf577dcf452367b7a41,1
f4fd752850afa74dc41648f926e2e48b6a1e4240,0
ee7428ae744ae5ea38575da4832f5c5813c9c225,1
f2d62cc5e163eef0cfed862c2ca1806107ff9869,0
e95f518d7954077e76ac908c3fb4ad72fdecd625,0
eef085f5501e37ad4abe827c1ffed2e5086ea4c5,1
eba1272acc404941b35399e17aa2e2896018330e,0
ea7179cbd2c045828d187fe06aff04be41c39d04,1
f4ed89822ec6ad29c0f4cdc835ac8e77f43f2224,1
f55759cfe9425925a488e002ba6595e413c6e7cd,0
f1ff7acbe8f7dcb51f3d6cd3c15d479cad75d686,1
faff221dbb5efd8d631251f71c40515ca4981ebb,1
f58579fbab6f93b3c75bc50a9c4a59de848be4e6,0
ffa09857f455642780fb3717e6a87538c6ca3929,0
fb424b336fb76afaa0d0809f405bee077e663d6b,0
fc0ce28f53ea2fc3527fbe55e3d7632109602a50,0
ebf3980c917ca52bd7e46f45e45216d83acfd08f,1
ee81341a62afe7f3e9f8e4d56a8895b0ad04e57d,0
fd0ad3ade3ab0d8e2890360f6bc81e96f4b299fd,1
f0dc378fc79c9499ced0f31e1eb49cee088b1a9f,0
f8d7033937efc02ee6ec26d671c3b8e9f1ffb6fe,0
f715dc7174398b27fef65d194b5543a0778b1ef2,0
f89e1d728a5f13e091043ff09438ea7c0fdb140e,1
f2dc718096d47890caece3ef1f8483fd1802a972,0
f4ef10322ee946f3a644a57a2ba2b06772f7b798,0
ec9b39d3577c0d82009b1ef7e638572b4b958a2c,0
f6b135c81338994f404bcd74ffbc8397eae82a15,1
ffdae2f9ef35aa2ec281bca3816588e5f96dbf72,0
ed22ea153ee27fa77a3f4c5672dc2a772e01acfe,0
e90e08d36374057ee3a058c5f8cbf88599fbe54d,0
f5aed547030591efed67ec032a6bf57927ff4947,0
f97aebbec935027b18a6f3776b335cb06b92c0a8,1
fc3c8b01959c0ab06bee3d4c8c752e7082705d15,1
f2732055ce618d8858bde6ebb54a64aae6c83d16,0
f94ae3b2d5794af2031eaa190eb201776e5c1262,0
feb5bf95bc585fb7c4af43733abd97cea32aa593,0
ffdf33e693633c8ae2a9271a3ce16335c0b192d9,0
f7900149ae21b9353be54e0557f71577942b4ff3,1
ef643bef026012111d8c7e97a841d612e4d7dca2,1
e9be72741f472cd858cee1087c1095128be25adc,0
ff5049337a092020f59dbaab3cfff506674dd947,1
f7284987d56f1e74040936655fb88950cbfb03b9,1
f7fa5f6b97ce5d98d891cc90303f32cb8bad5eab,0
fd14384938048b99f1a334543dff051d0ab89c61,1
ebf48b386167aa752646a9a4cfbfe8d91f5d7297,0
f7a1fcefcd2ef6bc21dae8bec63d4f0e8fd18e1d,0
f9e7bb93406c985c7fc308553f15b9b80f360d2a,1
ef720a3c70dd051ddb9e2a9ab63180d0c179f83a,0
f59bb4f6d6be1342b79e584a76fb9a64097dbd36,0
fdd2af4ea64aeaefb991a6aaf7f82d5dc36e30ff,0
edd041b452185e03261ec971bda5f5b44a20bd47,1
e91af93265e9da7476db9eece4e0c8296710844d,1
fa211d8342010228363fe073dc26e2ff277939f9,0
fa5f186c87bcaef10c283a1e2f8124cc430f3a8f,0
fd9fdd6cecb7ee1dc73d23ab9d4e20b054f513d6,0
f420357ac4d2323b7c89c433a7a43f6136b6c545,1
ff3eec49bbdbdd793772ad7c50bb0d4a96bde08a,0
f14bb47981f0c382909335feb6d7002bcc059515,1
fa086ac4becd93340747d2772158bb09bca5f2a7,0
f3da90b57bc21119dddb7edbd23c94cce47dc38d,0
f3bfe52d3943f13714e9042282d2513978249b73,0
f1e4ffae9a177c3246db42ed5b1cd94594ac9035,0
f0e416cffb2e859b2398100b8c28018f7a79cb59,0
ec486f516c026c68bad5acca24d8fd79301761e5,1
f372cea7d33659dad069e51a0e420e66003a2cff,0
ed7ea287cb3772962697890839b82aadc7c488e7,0
e97ca82c4345d14ca00326644b3de2b145ac7d3a,0
ff2dbee4200c768db9ede539857d87e3d3cf880e,1
ff91e97360e9d9c43da4a1bdfd742ccd0060284b,0
fcddf2bc34c668b564e9555dfc10d3a642eadbb3,0
f2e32f55b956d21687c627fc22ddc0bbd69880cd,1
eb7ee613dcf2033f506480477f243c7209ecfab5,0
f0df387b64c61055dd113b3c50dd074a7519431c,0
f6e6ee87487f88ef3756cf5f586c2f1c18079d15,1
f02e747329d9de81b571264c3fa9d07366454f41,1
fe4fc6dcda51b5d3fe1ef343c99a1a0574a51bc5,1
f3cc69a3924c012752d2aa67d3008f9da0df02c7,1
e93606f0477ecbe78ac8e79b2d93dc03b4b9382f,0
eba5438633cff03f2f56a14e307bf093c2a69794,1
ffb78d51ee12195718686ae8c844d357483ed9fb,1
f0abd71f1913a8faca9d8dfd6346591b07a94e42,0
ec8a2f1fb8199e805bc55ddecfaff1a1d4560648,1
f8ba380e0528651cc56602a0bd77fc744db444d7,1
ecf3f27acf64d96947a23b5449f9e8c216c60b54,0
eb4843a1a778d9aab73c91b550dc4cf94869bbe0,1
fb2a84754caf82621cc217ba573afd8069ac2d9a,1
fc3f2dd111cf0673e69d7ca1708eea7dbb5b9e55,0
ea0db26e3d7b449335211aa80048f633e65158cb,0
f1e7cedc4e896f4b6ac37137d5c5c1cb4f2acde4,1
eb711cda96fb7b935b99bb04b1d7a8ac893b3bb4,0
f93e76b4ac378e8feafcd1e6b558e91924fdaaa0,1
fc41d30d4324c1c0bc5b0dffb4b1e9d7a522bc3d,0
e942878a157c9f9fc2d43769468ab1576b916e83,0
f560f897ea682d548e5c1c0b76855ef41c6e5015,1
f2abafce1fe6deb7df77ecb509c5e5d1911a6bb1,0
fc89a8319f2730357aef5ea6b40669b8bd25cc5e,1
f350af91387a261973bbd1f5670da312a663a73d,0
ffc0c1968afe0613db7ef7127f647d5e858a3ce0,0
f3cce1554d5dfbacca4a1543f84d99a301b597e5,1
f055867b336f0219c4a06daae66d6c8634cfe320,1
ef525964002305dc3a2680ec150a71f402496aae,1
fb8ab84791196b806fa588682313237d1cf56726,1
f215f9df60b41d54e13fdd5ea131e96a428d63a4,1
f38b9b7bc785339cded947f21d40d01dca8a1aff,0
fa0fb28db11e4c33c97f395ea0ca8996c1a29d43,1
fa06b2e81283469b2e255dfd65afb604590a625f,0
fc9991c140b70881bb3acbced360bf819c534479,0
fe727dc8ffc3a8d0971d74a789f5dc5171fe9f2f,1
ec1fafdfbcc93af80bcbb2234e1e828c8c9af68d,0
f117878b2a3a4159da9b543e88215c181d6a4465,0
ec0102cc25f360346494a6c6679e9e0ba52a5895,1
e9eda20f83b50ddbdbab0846c1c2f7ae014e96ee,0
f556e9795dcc62ce3fe41e2e957d10d49b35dd7c,0
f16add102a98b8e7e988fdb880cbbe7eec9af5ba,0
efa125b6fe6f8efb7d6e0bdb21b6a5359b20f639,1
e90332f12a73b9a70a7c8204cfb70ba8fb3963fe,1
f51d1242a7fd898bbe687c905f80ffb3cbe822e1,1
ecd95d48e7f2e7bc4cc0bf5370d7bd971bbac3e2,1
f42f18316a35c5c6b36c9b4a832f2274e3c90712,0
f40703643a0111d62298efb26e300ce14828a135,0
eaaa6ea5595cee53367424b63ba190e5acbb7bd2,0
ff0c9a1b8c983bea32c81b88b7e256b8004d1cce,1
ec9f925d1b4424e2b4e2e472410e7903fb81806b,0
ed91b77de58bef7fdca89b040e7b7fc653efaf7e,0
f9d682ddd6035da3b684051c1476262f68fd8b16,1
fa3e7aab2c6e3edc9256d3a29a517a060e390b5a,1
ec4d24de625bee0a091387704aca9f8c3dadcd9a,0
f096b0113cc317ae2c2a9584f3db9c6ba1b3f1a5,0
f3db6b38dd43ea8c0651b82a1c9a913c2e32b000,0
f017321da4ee385e207c39a732503f291d6c5661,1
fac657e2312477336a82a6a6c7850f4cff77f589,0
fdd273af437b385a3fc90ea009461e8107e4ee85,0
f46d2d01cc7a523b647cfba89667e5c3bb897b69,1
f83a16246bd47ea9b238f28d97198168572efb07,0
fc8ec1108795e937a78cb50d42186113a4f8550d,0
ea8570a4d8856d27cfec89ca5fb59be5044d7c9e,1
fd4d5c1592d2d390c5db482aff8fc5e497de4265,0
f1d75b3f226f572feb1d05bfdbbc03617b208ca3,1
fda1df9f11a5d9dba1bf523918ef7c5448ce234a,0
facac0ba542a4c6a28bb2c39ffdbf5f61c1243f5,1
fcdfbfd1149e1798689f35ba5ca287b45bcc9730,1
f13b33ad58706a0463914b0ca8c314654ec57af4,1
fdf4c6a79ab09b018db3126046f0a369c2cb6938,0
ea0e3f64dcabf8c267eb5b413b2e280f93ac854c,0
fe4d39da06958ca0fbcfe0f5c684b8fef872dc42,0
fc3f2584a9c39b8476e355f1ec3934233fab1a2f,1
ec61a1d38a20821d07fd8a3242edb47f13bab743,0
f863a94f01ec4ad82d558e409697fa049d483b6a,0
efab4ec9780834e11ef36b98b19b272459527ae9,0
eabe454a952698330a28070f58bfa2432294cb06,0
f732590f9e437578ef22e2ef46530e43aaca1a2b,0
f9a8e14c317cd82fc77a9b8809ebc70c88172b28,0
f0a1492dc301d8c0733b25c3fa5dbd9a84f3046b,0
f7c8763c915d6f887ad2905dbe88315eb2d9b5c3,0
ff684c8aa9432527736a98ec23589088d1af5ff5,0
ecac5d611dab5e5a75fe44f1c5149040340a5cba,0
ee0ffc75401dc0aa378dd8eea0a3e11a1531c5e4,0
ee4047a7f138f0a1251cf1e29613d7d900171dbf,1
ea53cd029b7b92ff968362d39ba5a8fb9c124ec5,0
ef803bc9b435fd872981b075d14cc4cbf3020ed9,0
ee598438ed23c25e9b8fcff539af56851a9c4de8,0
ebb413f3824c462dcfbae25b09e58b1b81c7c21a,0
ede955ff1fd446b0e9c8ee719d26db9e1601de5a,0
f910b67361fbaa0de84b5c66b0ed497ff6d46224,0
f34465b1428964166fe603e4e42560979d860a62,0
f312bb980ac91ef5b4c3346110f30188d3ddabd1,1
fe7c2c5522748502a22d099327bf7374378ad9fc,0
f7f49feeaeb773da4768b08270e9fe55aeb22b24,0
fbceac0866eb77e1fd759ee8ab92518f22ccc7f5,1
fd19cbca927bbd5457f6d1652739ecb91c9fa92e,0
fe7f3be80f7a99b47a7b53aef7f27091af695e23,0
f97fde3d29386aee061257af72c33c03b37b5bab,0
f9e0be68215a48cc39372156f103f3f8e504b2cb,0
f8682e7f650fc8bede45ec3e209076a2e7cff348,0
efee541dbb9b1aabf1e884080e9f23cb1c82a8a5,0
fc96ef041de70584a6bedca9e71d34e6232cceec,0
fedb15d8f321d27dc440efccdef57e627a0ecd5f,0
f9a607047cc535392fb768491570812e77bfa931,0
f60351525b337ced932f396549a59c9c749c62ee,1
e93ae7b59f885e9023ac9c6509e94676db14ea0e,0
eec24d995a6b5682d7163695b107edf0116ab625,1
f1d09fd5844885f02761429926ec9c0fcce81dd2,0
fbc2930db9eb5c4f164e7ee2fd1957478f5579a6,1
fa71a9f6c0f4ac8dd0d8d41ccf8b2ab0c3d7aa10,1
ffeb912cc287e8afdf48547222d90d5ebf891ec6,0
ef98556ff8da37e3f6d66af5d95a7595e9201883,1
f602786561aa3467d9dfe1b2d0e437703ad167ac,0
f32596578ffebfdf8b5c8d794a651f4a7038f129,0
fcf0480f101eeefe9d31c225db8ec8b6c60ba1bf,0
f99bcd2babc876f102fc126e59a32071822e117e,1
f59adfc7bc8793e051403e4f713aed71daf2059c,0
f0f8c8e55c134792d3c64d830c1aca816381ca45,0
f0ec1a047e5ebcacd3404ac34bf6da9aaba753c3,0
ed0b4460c8d7f5f94cbf303bf123099ccb678880,1
ee475d7b1f459ad971ed852110e3d9b1ced50663,0
eadbbef29bef590ffc13486353f80753aec652a0,0
f6dd83346c6053f649a44a1fe3886097fd2710fb,0
ed9d35e35f36b5aeaf600f25e47665fe4c6a9b26,1
fa5d4a8f21e35904fe86efad0e28458509563d75,0
f693bd83355db2cc2ec5f28a7aa6ae6d7693e287,1
f1756b21541714902d05a2c21d1298138e424fc9,0
f1b9c3b1b29880030e67f30107dac358be9efa0b,0
f7024bd54eb711f8a4e99c1a364ec69b06a780be,0
f823f0aae2e867ae7c868cbfce208258e167b392,0
fe24233117816f692d3f9db146208f2537e7cb6a,1
f6af04bbc7623b1c164c6e9e9d390b583da41710,1
fcb292b75fb1824a3d8cf362c4ddbf60b0050e59,0
ec5c6257b6ef96d718c258e0daf35518a71529b1,0
f92d4c530696898da5aa8111a4d5769b0a558dbf,1
f08bd8929af5abb56730ded1ed90d697583a0f07,1
faa66f2a7809b3c9304e921ecc70aa2e8b0daaf4,0
f34a54b650e5996ae66f98ec72befa42e7ea557f,1
f25307b1f93680dc380dd3442e57c8f276f696f1,0
edf9f19fa5365d7c401d276afb97cc950e8eaa04,0
eaf73de67e05d6d8ae7da688b283f455685319d8,1
f5894c529bac30e3d8fb57b6379895cde968e5f0,1
ed0d2f22599a0d61d659e6b3bd968786c17d2eb8,0
fd371522d1c97e51937b34de05fe4fd3c32823c2,1
edb26884d8a59c832beb105341c16d91269e0711,0
ffcd207b6193f48f83d8170cfeab0dea911e9a94,0
f26e064ba3ceab6885898ce43028682544bdd4c8,0
fd76ab700d2f0a3448a4f8274a9ce55b2a1c6882,1
fe691c872e1274eace5ee4f1e7f2f592ed746259,1
fa30e6a30e4c1c13f92c54f0b5a7a99db0e3e823,1
fd4731ddabb0ec127f9c84267255a63c60772bbc,1
e909e397aeea8b69c333d409a260bb336a044116,0
ec34851ea494582b2280e4999e55c8f7c88196ab,0
ec0a8e1dd14f9e7f5c92774ab3f2e23b42831901,0
f8a90c3d8932a9e5636d7e01fbaa2afea176de10,1
ed7d9356c6ba3059d2f4d53298c4219f03a780cb,0
f469dce0e5a08b6b9076eb644a1718e16fad21d2,1
ece0bcfa21c940bbd45841828c535b15ab77ae19,1
f37e2a8543bc3b357f595deca1b66e825002babe,0
f78b20dccb2b255b9f35149272c6cc9af63c8d31,0
eacc01528acd44cead6e9044abe40e65c81dedb9,0
f37c3ca87656aec649945e3d1612ecdd752a4b9d,1
f686005983ba4f75cfa3f8704f53181020219cee,0
ff3296c4d1464cee98b0541665034c1302b0642c,0
f5990ffa2a9b47cad8950dd656597bccc3dcda89,0
f4f8ae3257565784f736d6b050c93ab25027877e,1
f17f51f4df0f019d5caa5f587d9f3715890b8319,0
e92a3b4c2fa0e34b51930684af181c33b7afb738,1
f0985c979311786397b3b4b246ec55fa65b612de,0
f1455de7fa6af61464430224e26b3ae633fd29af,1
f09b1ca662b36771077063239989116f227db8c2,1
fcda9f9cfde72a189a09de2688d1de35d58be5b8,1
fecae0f4c8775d5a64d18cb512e58fdb79eb3fbf,0
fd2d195431b13b0a1a59f8d9d56bf6edb68ba1e0,0
f9355f3bfd1ab2fd9da844ab71503877e94336ff,1
f98e5cd4c45d453434ab99fc92ea658d567351e8,0
f802ef5830fb97aed47cf5c5d41fe34b6926a91e,0
eb2185325067ab594fe853fa5648d5cdd156e4e1,1
fd8da0ab518e79507f06b4ac4b6bdd2aa18516c0,1
ebf549717b29ccd03eb13a582da9fb0014198a9d,1
ee391a9afb48e52be1773b1e66c4c9ccc3033f48,0
f793ef93efef14be6335f2606175ef36f2d12408,1
ef333cbb6ad1189b066483f1f852ebf732ac9d71,0
f3af10299e05fca14e575cf6419806be6bc7a1d4,1
f7bad67bcdc61c8a42eddc33305ccdcb289477dc,0
fda76fe1723c6478b1aab684dc77141dd1522662,1
eeb38bb28ef29cca98cfc9cc733c68854c232aa3,0
fcbfe598d98eef4007048333e9c24541ad3cf02b,0
f4cef05796bf2da87a6669de616685606eb67c23,1
ecbf2d141b5ca0a5bace5bf37f22b1a52214692c,0
fc8ec428fcd30473b55e992b37994c5908b12f54,1
efa7e006903b8b9c5f6417b37bb14cd91e624cdf,0
f38624f18a1675e023d2fbc1ee1aab9bbea4cb02,1
e9727c48c3ccf8d7a471079d0b90548eeefb5802,0
f33291ff67376d662064afd992c8e4b9b5509af7,0
fcdc211347cb2e8948676ecf652874a692cd91c1,0
ef38f9b44de6446efab572ee0ebb9f63598a392e,0
f0225a997bd530111eac54b0b8d6ce788c59967f,1
f50cbd36b07c90c1b059285a1eabf76ca9a92208,0
e8f7c21148641e155edd1024b82629f015381767,0
fb73f62b683a12c4ef0a59504b3f5043b2102779,0
f16f46cd84d420d03ab04ebfca9ceef6e7a24544,0
fd39952feefe022f4696661fb84fa12b0cba1985,1
fd5b474cfb337d2ddb54329f2b3810504fa8c8b9,1
e9afdba8377b70e4efd7d9dfe3fead94381890e4,1
f0d9a54395234217c4388da21b810e66608b38ab,0
eee0e9c2293008da8859b92118db46be69085851,1
ea33945a0153a521e2eec3c344f55ce3d71c1267,0
eb1ceb121a945bd8f20e1992a389cb088d6609d3,0
efbd3816a7bafa637841462d059bb163d40c839d,0
f0fa730d56ee6f6dc0527905612e37ebea0b8d9d,0
fc0865e43c54fb567b342a477d5e54a87ac06a93,1
fb3e1b3ebca126836595006cac3804ec6dc42b1e,0
e9a013f00df0a9f0df0b5b5f94a2c12cfd1e6f06,1
ece044474e0b3c1558b7650e94d50da9d5db6336,1
f6f1d771d14f7129a6c3ac2c220d90992c30c10b,0
ed9f6fdc6402b0626d6db5c1306071ea05903e8c,0
fd018ba5134c9242b0301987795b5c967e979350,1
ed1e17da800dd2e432c7a11dc6599b2ce04ef57f,1
ec2e40cddb8d34695cc2808c86de3307a5451e8e,1
f7818325bd2a54e7477d8d50fc5500a2d827e3a6,0
fae023976e7394eae5cc70ee767fab16fa691307,0
ec386be7184c5696a4940b1fc6144dceab4b0943,1
e9c6190b8b6f343683289832ec8c2a0030a1fc09,1
e8ed3d1dc7f816e7a5cf65c35e40c866ba31894c,0
fd30089c3d0fde9e6b1e5e6e4cefc4489d57dc2d,0
f24fe46598767c5ab2abc5bfff3363705103ae0b,0
f09cca77f4e8de0906e829b752eb309a55b3c574,0
e9c2f8b128afc0a91cc0e153b66dda497625168f,1
f33ab5b658420fc614a693a78b76a7aa9dbc0be0,1
f7e0630990fe3757619022cdadea7176b9dfc481,0
ee4a935b9cdf37db9fbe2f15226a130064d81076,0
fd995e6c30186f99630a7ac78a62b7a2abe1d15f,0
ea9a5c760631c5fb37e373229b0006e9dd2d692c,1
f447baa11196ae3db3790d94c5f2240121bc83d7,1
e9bd460888eab584b967b8d6415067e6be9c9411,1
e9c175dbf21c188f1ba363ef0ed95c4cff15c330,0
efa0580bc5e6e41ae890650f9650878acc891494,0
eaa3f307a1e1b9ac8b532beede30a5abdf1d5a4d,0
f60e306684d3e858dd1c31decb9009107fa2151b,0
ed1a83517524b75331ec2c75a6526df121e82d65,1
fd2003867d718dfa749898d4956cdfae2af135c5,1
fec2086950de192b90bebaa7b4176a0a58bb81c6,0
f0c8d908c120e8216b983990c69afe54f23355e3,1
ed3c5257281abe9611c76f967ead8b692a88fde5,0
e96d2d33a38bd7224fb48891f219e09fc31fe227,1
eaccdb21e3443bb4ec56d1050b1ab86a74265f12,1
e9b68c9d168e346e8f8da9f38eb914b26650be4f,1
f981989e006856d99632836fa0df7b3d34d2664d,1
fb1e0ffcc40eb73ed525202adfcb40b6542ee725,1
f8ae89d94777b4abe49a75c3907116924ada82fa,0
f8fb441b52a85c2b3f46ef3d06020aa26439f602,0
fc51cda5e39c80ff5461e65cadfeb639590a0c7c,0
edc94fdf7cdd183c3e211f057927d8692c9448f5,1
f9bb0e540ff646ca553e47bb00007807fb434b3c,1
f3e408a83b7a651f98894cbe5f66a79407134b8e,0
fc3c0fb3c56bb12fd980b68807fb93f32e5c5b8a,0
fadb52003a569aecd43cc5aa73e29c344e4e38ab,1
f0276ae581b3a3c21f1ae4bc5f0997abf7bafb37,0
fd941558314f45e603a10fbad8ee31fe6a98710c,0
fe83533fe7bce5ab5416c769a351da4cd9169a81,0
eec2b062f5356126c1b4fab9f1152a72ff855cb6,0
f367e2b488eb64f44f858b714add94666307cf15,0
f0c670cabc7fd53c595aae9a7869a027067861fb,0
fe9b279294b11c37202f6789893813c7cb02ebb7,0
e8ebceaeb3aba17e65e7453911a1ab4a26ed9bd6,0
fd58a0c34f356958c9bb20390b1a3061967c566d,1
eeda769cf8ad13e1694cecf79d920d7a10a121d8,0
f4e8b1920fb8aa60446f178845908a364bddc23a,0
ff344f752be012fa0d4e816933d75c071694e580,0
ed5540e374c2851089819cb735800212017a788b,0
eb7dc4b805b0d8730ca2f51d07857a897a12be34,1
ef984ada3b5940b8b0923866a8b17640ebe8002f,1
eddd1bb27014b062c209c3956b90d6d7e5a8327f,0
ef10299e3fe6a71ce26d336362811776535c7655,0
fda23aab350e4f8228ec20ff0a5f3dac76b55d5d,0
ec3306284274b7cc803dda7bd7ed721559f4572c,0
f5c990d766a74e9c12394c71ae1dbd92ee23b4e1,1
eb31eb4e6caadb296c11f43b039352e29b3e54b5,0
f50e10d87e866a665a533f023d867227a34c27aa,0
f848b0bfe65ec3e3f3760d5fee56f68532da7fe5,0
ef46de978c0a19fe759f173c011bce06f7c855ea,1
f14c134e16434aa3446bd79db8c3d8f341b93b9b,0
fddd90b8df5cfe38e8b5cb52beb386385071f0d0,1
f8ed54ad0bc5525c449d10c87a8cbcd9757757b1,0
fed64ce70350e9c4f0e34c5526b26f52a4d085c7,0
f24be0f21dee4a951831b626fe7901822f51efde,1
ea2b15fbfd9e4ef07585eefba323f5aff753dfeb,0
ff1c4e1fcb18b7b8761d2793fe0db907b38772a4,1
fb119e10444b95d99da4ea48d85054fec857ff8d,1
ec1c190adca5c80e135fd91cef51051a83c54863,0
eec32e8474c7b4b4f17c64e783578c617b13d575,0
f19f26e7ccfd68b5e5d56a894fbfb915820825ed,1
ea2100adeb9b49c327523d4739d12d93d0ae883b,0
f4e1b731bc791386470c96ab68ccf8a5b5b6d613,0
fadadc7882624d6f52393f361b3ccdd7c0e44496,1
ec3fb9bf9cc5da1fc5b7d3207d66dfaa0faeb6d4,0
ee6feda3b65541ccf22de3d3c4a4928b9b5e1376,0
e96dfa7e21c6037b6205da75ec619eb907f4b724,0
ff1afc3c8c2dc3196edae7d4d634d2828049f46e,0
f0d25e71c368b25a30c2dda253abe267e480685b,1
f6d2ccac7038d7d8e6ec8907bedba9e982fb9bbd,0
f2b4edf74fa3be16b1846eaf8a142f5de5244fc5,0
eb995571afb0d90e1601ddce45daacd89bd3526b,0
efc1caeef2e0d1c1df94a9a23d6f144c26854c5c,0
fbbd3295479aea431c22dbf55d5125439c4622c7,0
fdc664fb9620202814221afb85b6fac7ad98f013,0
e9cd0f2a249bb04298a58b8690924f8f9956197c,1
f544cb85d14e0888cbe711388dc025c11836a29a,0
eaf3170aa77fd7b558c61ac717c79b13a622a9bd,0
fc73aba73e146404abf9d1b790f055591a1495b7,0
fa2b9e3f2aaf5944fc1ce40535480310a1e74b83,0
f1a1c374e905c1e57a97d5086de2c3f8510cde28,0
fc9e514f42250e4c708136c3330ce7f37c1014fa,1
f1b257241084864ed316eead5f4a568b63e869ba,1
f149bed2cd886efcc6a41a955bb5183012a66f64,1
ff9afb38fb2ef8c79eaaa593074a819eb7827f5a,0
f83e5c6476573bd7df7cc09ffc0913c17745d3e9,1
f839933f4fc83c848ce383ec7169303b2ee7c21b,0
edaba699f2824eee7fdc7751fb9326f175a98da4,0
ea1402dc3097ce201137c3f1989f1e49d2a88eba,0
f80b13c73cda0ff1fa815a62e5401c88c44d2a1a,0
ee1bdb060fff32fbab66f5435bc58bbb52b59216,1
f99d1e2ca370e1fd54c4b0795145bae3649aa43e,0
fa7dab2be5a993107d35f7a628f7c877680b8bde,1
f56e7b3049ff8b9062761b529e1a6b10b261ab59,0
eabd295e5044691e69fbace15c0a9e395c2aa421,0
f785bd5ac5260fd00f6fbbb2d6e230e8df8ca575,1
f3a88f70ef06d2c3a26d2ae9d2ccd37cae29430b,0
f77f2e66cec2ba42c695ee0fb38d812748b69c2d,1
fa6d3097843be97750dcee17dfc4046859ead443,0
ef491274b29edb50b3b1818882151ea9a651105c,0
ef1ff6224ceadb6ef704e8d8d662984ed47e1bac,0
f4e57ff8336b42b36ecbf5a0195c78849cbf97a7,0
fca4950b5405c7ad2b50ab7151e181223948011b,0
fdfa6b160161d271321fe7292db20e73f7359c1b,1
f3cec7b8331034d1ec9b57182891e4688a3629a2,0
f2675cdc17e762dafc41e3fc5d5b21495ef62c45,0
ed6bf7f68a28341d1b660ec653a3b41b052a8e92,0
f028a44896a93dba6dff3ac3a464d3492beea037,0
fa158da19949f0e4a5d1d49e3094b1b12380226f,0
fa19bf99156999c716ca1530f1a38c2cc5cd0ac3,0
f024a29a0d9b891f46561409a06265b0e576091c,0
fa03d91629f637ef4c2c5106fd12e24314582cb8,1
fa0872ee246865125fbcf057dabbbaeafd271881,0
ec462e44533c34c909154427fa65b5290035955c,0
fab4350eeca605944c5316a5a89823e2ba85c9ac,0
fb626615cc2afb4b2ac41b81d31c405a0c6fa5de,1
fa3e44470c624cf2e31de2a9d7ce639e31c86dcd,0
f0e6fd104ec6836982569479f8a53f4998b6a9bc,0
f56c13030f75e2e0e7c50d13656723b804e172ca,1
fa2ab64d982f681c4b8a12129cfa4ef92f361591,1
f1bc8f1f9ce2c06d7f7c4fd1256fa9bdc865e414,1
f4d13b2e868991a9a10329f944322ac8d43fe552,0
f7d1185d702e653a2b6831ae078154ee829e0ab7,0
f9c873b71613f7c3e907c1c62deb84731312cc19,0
ff00c3a6ac69f8c187972f2eaec0d05a7b5802e1,1
eb1b7d54bdea914558a5bf86e7a50f96cf951500,0
ff8c8b6b80c7e8a68be9bf3eab69ed2d220e7de8,0
f2d6792b4365441a76005863b1119c0a91816f77,0
fa549344fc49b81c1cda4907759e13327c59a6d6,1
f095afff661e30ee98e9d289b782c2e4a086dfbf,1
f32b18bfb4b6b77274cc93a6d270b545051f5ea3,0
ec68663149a0808f484ca95f8df652b2b1512cd7,1
e95450b5e616d9c3c417565707d7a7325cb01676,0
ef6bfa524df44670ba95dbb790a47d7f926ac38e,0
fe117461d05061f56141ac2806606892d8a4f98b,0
f6d67a72192f9ed9341f1cc92d37643fcfefa0e9,1
f818ebfe087b2f1b245a54c923c452cf2f04bccc,0
ebde43873047f2ed188527d5f58c6f92d7f22dd1,1
faa635cf8008079d3468a1fc6d542d7a19e56820,1
fb8053152729f85265ffc77ebf2420ffef46d9af,0
ea8add453e14b593a679a493438824112278caa4,1
fe251f773c0cb961f562c5b989807e1dbb402133,0
fc169dbedc0208d66d52dcd3397a0ac5b5b3625a,0
fc2f65edb97dba07104fcf42296b40ae7ecd5f9e,0
e97022d10dc6e94df1d92e1a013ebc2d767b6ce6,0
f8573c292e7e377c5ad68e5bdd5ed5cc0c5c9275,0
f5e00dfa8d9cd8bb3a21b336f1c1e32177ed4172,1
fe18955acc31eeefd382cb6b8d3058a958eafba5,1
f14ad4cd3ad09da125f0efda1a309988a0878220,0
fd46afba09e97cdc8d833ffba66adcb895b1ca96,1
f5af2fabe2c880419ce961c643da865aa6331b14,0
f0df82031f5a390c92273dfae99fe0bed608b8e3,0
f2f8c865eadee719ee98e4f1aaf7e2d365cf0e42,1
ff12cd0f18715ae764dec9e3eca5ac9e8cf87989,1
f36b26cb28372f80fa076bc39dd3ad53ca8afe4b,0
f346e9b89eb2222dfdd7aacb72f239c23ae37ebd,0
f415275a29fc05862f6eb10c71a6d8568c124ba9,0
fedc3c54fa61896f1dfddd04276a78f6aad43743,1
ee699952de71fa419276682a1d649cf7c3030e35,0
eebae650d73f6d22c178a2797b1879a48b5c0d7c,1
f624188766e5fc6252431b97f16e6cccb88cd7a9,0
eb2181708b7d8117fd67cb85269b6c75e93c4031,0
f9b3997eadd79d85c99dcdff8f02bb96f56b7f8c,1
fae1a753146e968949a1ffd8ea4c34105a38d41e,0
f53042ebf47a7f6bc3a17435b7b7ef2446812f01,0
e9ad448f13f738d405e021189c8fab8b93ba5712,0
f9a81e91e789d759740dda3e4430798352fe7b79,1
fff04bd771a260738286f1e19509ba238c5e9b3c,0
ea6407b6e343a25c19ff73617a658e11c95ebdd4,1
ff46a947ac607f8016df1041b04703c82eac9a26,0
eb5cf45917011541c933e870256453f958f8ff09,1
f924117183a62cc5bbbe8766fbf2e37ca1c22ce2,1
fa897ecbb7942bdc645509c4aa9a89e86a4537d9,0
f139dad41c39944cbe9d05bb6f8ef378f8554f48,0
f4d05be54d9a60f24c7bcb39fb2d5e350bc0b53a,1
f5d252e41dd9f059b6b24ad0501f2a1a209560f7,0
ff92eac5ba467b410ec875dfeb32e1d899a6cd3a,0
f4728719a62400fb0ec5c2787b3b9010bddaa295,1
eb5c595b30a5968304350523670bbf86be4d3b5b,0
f9f3c7b0ec70a514b7ef582626590b9a11e98037,1
f0fc595c835f6f27320c3f6ef7bdee65cdd1c33c,0
f14669e201a1738055ca59f0704dcc9c43890aca,0
eb5d092634d4a67d56fd554d5b86bbcd7c54d37b,0
edd2b18bac3f817155b4153763414e9412851ed9,0
f337657bf729108590d996c8828dd9caa0072c19,1
fcde3982b786acde9338114508a57b00176616a9,1
fdd2711536866358ab9490e632400e51f555c06e,1
fcc62cda16e18df0402d8b2781f7588b567dbeed,1
fbb6c937acd7460764cbfd3bb8a59e25ba342aba,0
fa38610627dacc7ef28d0a4797c11c7fe0e02126,0
f1184399c77f3e19866acb7e47fa4572b4d503ba,1
fd8bca45592b26acd19d5e3b0dc4a84125c521ed,1
f66832102c05d21d8240c79e8d6f6ab6abfff15e,1
effd1f566a8ed23b56304b7c11e2c57b1b6181b0,0
f72176e580c2db90e7766a303e99e15fd0f514f3,1
fc8f0b54676cc1f341df6a8d6970962f03f8ec6e,0
ed85f6ca7626d062e66542adca745c31f15df57d,0
f7ccd70476abfbb137994affa2ce981a3e07f6f7,0
e9f410477e112c8063284dc505fd7260429a6a60,1
ffbde60662a5ac2ac11fefc88441bc12f3d9ff13,0
fdd37fdfd3d8c9c1405a495b4616ddfbada3dd5a,0
efdb5f08b04efdfb189fd7eaa6d6ee5761078700,0
fb81fc9bd41a289beb2fc9bd0889649b552038c4,1
eb81821218fbc85be3c897a58703a66ee45ed6ad,0
f64bab0315a968b0c7028edafe3def86782da8b6,0
fbd0434d49c35ae06cf847ca405e050e2e192bf9,0
ea944edd9060dd93a6801a480fed3c083ef4be82,0
fce1fbef030414a6e9a51bece239fed7125115e0,1
ec87687280df7153e227c22ea46474db32c35733,0
f835ad6427ce0ec6c17358599db8c1642c14b203,0
f5d0c088dc87de3aa74053a34402266f1d491c6d,0
fcd0aca429e4ad5a50d34922e9cf810ab3c93ec4,1
f5da52681efb559986d45686ee474854c23fa9b8,1
f9a7d9f8b1057565bcd5d5041f119ce31b23529f,0
faddb977b1ee5d91fb12c1299f7df8b2fa04a5e0,0
f9ed5d9f6576fb5aff6ff6121e9f7780f27490f5,0
f842791a41f3ff3ebe31aea9b20e445b463166e0,1
ff60124c155f187cc440aba2e76bd96f65c660a2,1
fe5180e4788b29d14112dc1949bae5a6f6f076cc,1
f2af52ec3420f9e901dfa9bd77cc6f4bea3debc4,0
ea4b2e7152e99a14c58fefde75d7af448dfbc7a2,0
ff4ce1f13ed4d86940659881ce2cb2c6436f0bc8,0
f3b9844574c8a1148904e283df15a2c0911d58e4,1
fdc7541e986f5d22f9827d43ec3fd419b9617847,0
fbc0f4940b455c6c87232682453a398525299dca,0
f61c4f970933f97d5313616d76c6b3bf880a2fe3,0
ece9143236372ede7dee0faeed1aeca79619bd2c,0
faab495358211464636ae7a09f212d0178bd8d51,1
f6c1c076e7c77632f2abfb6c39861eef4fb597fa,1
f9c1d514d4c977f776f16c0cbbd170731fe10976,1
eadb288683b515a77335ca86dfadb8d69468f1e4,0
f1e55cc529b2b13bb692ca2a8becfc1480cf830e,1
eb6dacdc4a9c8a34a151f6a4b516246affc7092b,0
ffa304932e17b0bb429edacaa0982fdd3955cda7,0
f1d9a8ce57138e4641829a53437dec958d18831c,0
fcd55f03496afb4b11598d9c2231e86da318e723,1
ed5416bc130a0ed58e21f81a9102e51553f96047,0
f668d5932a9d4985425329682a13e849192192c5,1
ed2dfb2d67ac44e0c331bfaeb80a6ee20fbfc7a3,0
f6287837dfc5b832a7ecbb2e69066ac35c879dd8,0
ef06ac1a53346596f9063937de5c7af70f2468a2,0
f7d2bb1fada4d9f0cce2a264a041f84476cd8202,1
fc4da27d041470d26948e5d7c154634555ccb98e,1
f984142b96a214d7376136413ce4a5c6a89d5167,0
fd2b84a155b34d3c06cf5e9c13605f16a8a6ffec,0
f753c6a28ab0030d8508000192141098337dcae9,1
f6ebd2adad6a97bd60be4ec4fe34dd9756dd990b,1
ea2701c7bb95aaf7d98189b64fc81cd12d65e811,0
f8e7df06d60d39222bf21e39f6b88db78f35e99c,0
f942160b87a3f80d1deee6e5255c37710d38fd85,0
ece14ce22880325969a79c66d85d0dc4823a4416,0
fd302414508fcff098c0e79f604bd91040c04f71,0
f97b9153404b36c1d8b73853be8f21c103ba4fd6,0
fcfad09d9be634ac103d8bd52a83f726d4d1b111,0
fa87397581cca3f50dfeb7d42709c9301ca22839,0
f7dc0c7274c357b3318a48e417bdb65a8bc28b52,0
f1e172c86812fe0bbfc97ada2204deb014ecca53,1
ec9e1eb0d004890420cde245690366b9115bb5e2,0
edbb2568571f80c7eda949dc634d67b1f580b4f5,1
f9b060cfff5f63ac6d6ff303d57cc19cb684312a,1
f58c5d88aaf019e3b477eb045b358c661474fd9a,1
f8e232a733a45434889b8bbca968d201d8a265e3,0
ee034877282f6abfe86e8acedf62960c71c2092a,1
f5ff77137b97bfa54e446257702232e398de56ad,1
f26c5360277abdcc9634535b6170f0a8fb677085,0
ffe4b21fe0e2e13c677a0508aaa2717a0cf2ba08,0
ecdd9d2c0a744668f43b76dfab48fb0c2a0753df,0
f1971fe00876db28dd6c4f892e07cf715767ea98,0
ead014559a96498cdcfa0defb300527a0c9d3722,0
f988c3caf77079f472c8928da969a19bce32a295,1
fb91e193fc7ceade0fa5f35981f15ec744270f92,1
f7052e6805bb83233941f41a8ef3809d7e408f7f,0
e8eede60b020d964454a79c5876af5a5de5a04b1,0
eed6b634093d72445abf45871a500c8dc3ec0162,0
f7dbc43c547fe989aaa053c1251bc819c12eda32,0
feb2ce7e7e5dc9e1258bc22d8c8d782e02f0c4a7,0
ed899764f97782eb500bc4e66474d9a262d6c2b7,1
f321dc6616ca9c808baad38531621d5ba7a1e103,1
f05fc2907ff7e537a7fbd0119074ca6ce8972f66,1
fd80d7dab8746fd9cc1562044804da35386348af,1
fb410d69da76dbe9d59a7e1a6678df2d78daf969,1
f3dc051df62ca7cb94706b99b7bf925409c84214,1
fb752117df8d6527b6f7003c8e2177707213d812,0
f48db4d97406ff7362c4d7d7050cbe78c7656e33,0
ee2d70385811e1fdaed29dfb2f4625c607555f90,0
f1eb0a72b8662a4c1d99e55b5fea8186f8cf12dc,0
efe555df36e7992124673aedd3b28929e04f3bee,0
eb87316c727366bebf5a5f28f98d13cdcd493b18,0
ee37ca78f3b0b05ca951486c1b55b9f089ffdea6,0
ea17726f521449cf69649d82d4a30383ce0f4670,0
f4540dcc228ef4f0ad034da80ccf15fa1f49f36a,0
fb8d649dd509ec0da8728f455ab8aa9adeb82c21,0
ee652ddedfcfd3d9dd86ee80eb759497b9abb9b5,0
f682d80dd8a6c498cc1725aa5b374663c998a0af,0
f3e348da5e9b3eb2f6510e5c9553a8f1636f63b4,1
f9d2f57d16c3be99fa86302cba01e6da4065476b,0
ffd70d3bbd1f167c9a2f3027b3c7ee1d0e52506d,1
fdd4ba40963217dbd65b2d7966d1439eb0f9d59a,0
fa16bcbbc5bd6280e4fe248a62adc3b7cbcbc0cf,1
ffa0aee264da9f4b95e38e098015b46e576b4153,1
f6c3170c2f45549c6298df34e71ad6b074231410,1
f42fe8fa261ead99a5e463a41a4004d95dfc1ae6,0
ee64731697ed5d2b4a96703b3609ff0954f93ef3,0
ff2465b00b73fdf9b3c5097a568cabc7d812dcc0,0
ec0df817b0a1ac5cf6a35542afd49e7c176a3d0c,0
ebe71e0ec7f8687320c93b9e1f92def395dfaa70,0
ea7196018e305f70f9ae9bc6b66a81de9e79368c,1
f10094d3ec0dd9feb23ff6ed1ca4b732f3ef884f,0
f9b6abd47dd5a971e969de6740ff439e686a34e1,0
eed65bc698d9d7a589aea3ee3287b957afb0bb24,0
ed6cb3d5893ee900027e07ed33cafcecd0b31f45,1
ed6c79e25bd9743be95d4d4a5ef473cc5865a9d4,0
f2c967dade925c087ef2745e0937b7499dc1075f,0
e99f493af4e89ecbcf8e18af7ff35dd48280fee9,1
f23d4846d29afa40f65dccb224f7fec175c33359,0
f8818188873622dfb719e083d6ff69fb2cd44d3f,0
ec6c539cc3eb9ba5069bffec7bc3075eaf7b8630,1
fc3aff3c575c471b8f193f81fb5adccb2bfefd85,0
eaa9da7aeac74db89b250297c1614362aff60bf2,0
e979bd7d162e619d3f5d1d98112e356c7886d18d,1
f966b5f992eafb23dcf95cf395e1aa15ceecf254,1
f503d9bf60832b131fb7479f4b13bb4f17a6314d,1
f3743615c674cd2d9e1cf37f3069a738440d64cc,0
ea4fc36f277dfccea9a5dea729e2ca5cac237832,0
f0ec334f24c11eafecd58647a78c28ef1f520668,0
ea5fae752caa2298dfdaa741765de5abdc08d174,1
fef77ea14f9dfa6df9d9478aaea7a38bbf546c79,0
ee561922a9f51d80632e6dd9601926e5808937e4,0
ec9c2185f5db924f874770045327cddb2b85cb83,0
f70b9cdfb6c979862069e763a0088ca826f235fd,0
ff5c9e71fab5ced38438b44888be4c915e82c362,1
f975097542f76d44dc4e36a12e8c454b84b16f1e,0
fc1f2c6c64373dbc6ae156583a5cf9bddf25ee83,0
e8dfa15c4e02dbbee50eaaee1d3359877db0f00f,0
f46d8f49461bf8ad94924f632d68adbca0c5c8b1,0
fb87592445eafe4a078b8aa0188678a5d9f51c26,0
e91e423ff8902e2fb676e61bd3c9139d9118b637,1
ece338dc5b6f94db9dd23216ea7ba518fa97642f,0
eee601b8989103f2532b72535b696ead63ee1cb7,1
f7feb4d94a1b59ffd3f8485244c62e1d0931ded0,0
fd1dec64d269c27f541f42349e8c1fc7997e1b22,1
f3b6b65fbf0d648cc0f48001b355595fb1c3653e,1
f9a3b0f7297ffa8f59642bc3225fa4fdc7cb2a1a,1
f9f1759002cd4bd5937729c787cfafb827cee476,0
ec41f020bbebc5eb7c92fb4c9f277de63ac73e47,0
f63462dd11f25febd0bec6873b39383fa5d21230,0
f78fd76a7aecfae14f6931499fda65a8cd6784f8,0
f0272d8511cbba00398e811abc487021e981c280,0
fc07756e6bc8b5822e4ab5f4ac9f134407e6fa8f,0
eb4b6a10a340f431550c7650b9b0f4df9d0a1d32,0
ee9b6e5ae335a34696e9c68b55acebbf0d27be11,0
efa01aa768045c067ada186139a13014dbc970a9,1
f8f1e24b20450219f6a96f33e9ae8d383bf78db7,0
fcd88f639d5e1ca52b585af0d25ec84545de000b,1
fb5ece6b6c04e73004997ebc2652e46e3c6a28bf,1
f464108c7ead1c477af0211db8a6cdb19a75867b,0
ec008961efd03690da6ed7fc90c85d397a3749dd,1
f21c66e4af81bc8c4bd4faa0f723f1240e6ac126,1
ff3bc5dd64a0ffdb6af760597c4d9f30c247890f,1
faea1b4defbf5f07be7bc495f72878cbaf1711cd,1
f02e3b296c8bb411014bcba2e76d735a9061336f,0
ff1c9778fad2729fda523209cb8381dc54de4dda,0
fdde1bf3bba0af495c04899a1f88e13acbbc020a,0
f05ff309b8be5f4f3155094a629fa88c8d200ac0,1
f6c2f9d75a829bf4159a38e17b9e51c57898ea1b,0
f9db17d071caf53afc890f4eabaf2da449c25e20,0
eaf19dc8f683263f2fc50a345a55df9cc1e0a2ea,0
fc8a132f593afaffc3c7d6ec2bf9615d3e632774,0
fa1411e5c981e9c01178a97eddc6f16d607a5663,0
fdf7def2d90390c1892e9729b09ade6a734c4284,1
f13c12de3273ac71593fadd8056e5dc369fb1935,0
f36053b135eb1df25ede979ed0ee87fe6f75e823,0
fd239ae0443e47aab664ba471bfde51687d1ae8e,0
f0515c765603af9f05dc35c8abe9c73ebc8d3388,0
ebec41fe4619e39ed3a78f15cd16c99e86d98675,0
f47bfa2990e24ee2d97ccfb9246e22904acbec8c,0
eb753cb1c9a4ff39a9f61c1d73bdbc972ef781e4,1
f0ee49cf880bef500ee7797873dabde93bcb2e06,1
f5a03dc0a10d0c62c3be4c084a61bb7e50b5f519,1
f01538752da836e3d5ca28f45c60fc33a9a53f3e,0
ff005018777b003001cbaffe63f2d59591def378,1
eb7a42977089c334c3fec7f16be72db06f43c406,0
f71e5b1194ba19b06167bda34c3eac2e1da09f9e,1
f46456c5617c9ba11ca3441a714c5a620ad11a15,0
ee23162f0a988a4dc151bc471d5386b03cf68d96,1
f950a8ed21c773daf3af5b5f734d0c6459ebf505,0
fbec3b984d6d5b517f69e75220f4a253e5d5b18b,1
ea83ea5fedc11d1aa7cd2e0585907f9680fdc2e4,0
f2db8e26ce6f2313fb57cc7bd20ff07198c667b7,0
fbdbba44752fa6818f545318adf5c7d28d5d2975,0
ec6a140b932e89944ff09d98a3c22b6e4b83c047,0
f1201cc188894f1247dafc288b2e3aae50ba941b,1
f0424cd509d2d33989e75427f77ba246de269918,0
f21954ea0aa7e9520624a16c20def5aa44cafe1f,0
ec66d95cf22ea5fb6635306088c1287558d5b264,1
fd1daad61a97fe540c5557c4c50a0387e68c84e7,1
f0963360b644b891d6843cb34e79792a1a654385,0
eae4f788df3a75c07f5024dd839a9fb9d0214717,0
f2cae31a6198581eb99a33d6cb0fc0bb278f4ce9,1
f22549057732aae26ac550342965c4569c383ac6,0
f8dd9615e239722963fa08f2a2b1f60db9a8dde5,1
e9b8060f69d88696125b476128c03e7acebee4a2,1
ee973833f05df2b3c913d3d8697b477fccf4ac4a,1
f6ebf5a40dcec81d1d5550f323353ee2d914d14d,0
fda29390ab5b582be0c0fd1edd589bea081b9c84,1
f6b426c4d22be44c467d4eb610b3ebb14cc020c6,0
f70761953822a21dc9160648e7364cdc8b7fd9f9,0
ef00a29ca78fbb9d0f2cb00065f226261e39f157,1
fa00d75639b25acc4ee4cad8d21fed6e6d4c4150,1
fb7853a11e1e9e5c56c02b665b6c037c69a90bc8,0
f826c3d1d42821e6755fb06604c5736a827a107d,0
f04f4bf04a0e91b4f32395c5fcde81014d06baf6,0
f84eca11af5142c36801b5746439ce2fe0f77a11,0
f3b3ce85c4574cc5b3d7e99b7515ea60dfecde08,0
f299f71e547497e1cebb83d1df09dbbedba21e9a,0
eeb48e6879355288384ba6501e588f6d70347020,0
ef666357d8d92cb987c39001429db568a825bc5e,1
fb2718e959883b55b98b3e2657855bc5837f8d75,1
f3afa1849c73a9684d6b63ae98112b4f3e87b029,0
f14ee9379764cd56379897dcc27ce1750eb7ab43,0
f5a8ca606c6d9e36005c629515447ff9ac0f0a5a,0
f6ba75b01797c3e7446be1e50d82dc4145738225,0
f1e8d3881e38cd07bd259f11bdd903bbcec136c6,1
f8dd5731692a1697438b5b01bbae4df55de02c79,0
f5ea5476e8c7294ea1b75c8ef3ba89b9c637a2bd,0
eda755abe7c70de8c72afaa51334ca1349f92a24,0
ec4ff05d1dac18c0536a4ae0ffac632894f14774,0
f7dbdce56ee8bd9f377a91d1ea6c0f76f0062bfb,1
efc71d59728658a8a80b9a2a41a7c6bcfd7f7f25,0
fa9fec54a32e3999e5c3f4b093150f3f710ec851,0
feb870c15650459221fa1ffb635523e7fcd5dff1,0
e98aa6b70cd4d01254fd5dd6159454027eb09f2f,1
ee31086c5a816e0760dba6a08361b56f99b03868,0
f9dda539d2e1477866dac14449f526fe7bea2150,1
f06565d4d4e6b3e2498253f865a6cf2d038575a7,1
ef063a07ba358c82d6781e9285563e14cbc093f2,1
f4cbdf8f0acc1c4ba1b961783608c712c6504cbe,0
ee314fbeaa848123c020800d0a55ce182f79ce7a,0
eba94a06759eb9f6b541427a2df585888449d0dd,0
f3dd60037c38914ab006940d1b584b5f7c92cbf0,0
f004859744d1b4fc60d382ef261de49712bc630c,1
f3ac2aff284c316fb40a3980adfdba9d8010b2ee,0
f43831b9ede828ebd2d15b565b76664ff575cede,0
f7b30c70fe9085db6f379d8d168adb3b634178c5,0
f874e525ffc146f187f2449386cea352a9b44ee4,0
ef00655f8e53f3da70cae66918a76dc8b63f02bd,1
f903d409ed3e2e364e6adeb16c0011aad521b442,1
eb4ec12d46dd57bb9fae7c2ae7ef44fb1be894f9,1
e947ba9c86243707700128df68a2230404a11caf,0
ea4ff9032a4cbb3c2476f391243bfb8b20de5ecc,0
f9248c918834fdc5fab1a1e6705fc046db61ef12,1
fd74030070e6d27b02f277da106afc56427baeae,1
fae69098e481b08cd7a1f4668e22a963f9213912,1
f2150bb388ca25667b937dd1c71748b29a0937f4,1
f3cb5af95b7c860b6de0353fb8fcb912cc359b4d,1
f82193332b88223d91ac4c6a03a9fbd912cb591a,0
ee25b312a29bf5bf0806e7fb32c9444dd410e92a,0
ee135264db85eed4282343b605840ef888cdf2e8,1
fa2efd2dda5235a3e397ea0dd637ea13a78f7599,1
eb9f8b2d9d47f45568502b63d1d900359f7aa5e2,0
f13ebd7c4940eabfe4fbf6fb00885103de3a2018,0
efcd0de396cc463972173e6d42c7b758933f781f,0
eaa1e416bbcbd111ecc8ceabd5c7f7b77b3080dc,1
ee433c78da8f96927423aa0221a4e5438773bb8f,1
e9f358487e6d418bbc754aa034b2faf1749cf06d,0
edb33548f4af05339a086fc86c3013c6b33d9f0e,1
f74c5e644f3f13cdc2d6af49dd543edbdf2f625e,1
f6dadd2fce070fc707406a42f401d450defaa56d,0
ef1fb3e0a285c9ae80e8f51dd1df7ce6f77be7f2,1
fe476f1b325e6c3b968fd2c6f05db5f3cf26a7a3,1
f88430c44943017520b93b0b7d9a6c14ca36a07f,0
ebad16decc776ba0a72cbc19a16cf00076a71519,0
f14dc42251fb8dc9cc947d0ee2888edff44d9934,1
f1aea8962f5a3f0fc4994ed7545705abf812f169,1
ec13933c5143d476b2509e3c71ff6dd8f1fc030a,0
f9a33b3a70e0b53ae8f41004ad6959bac321d0e2,0
f058716911e1a97c5f4d370212e1ebfad978b42f,1
ecbde4a97d6c9855232081cafb52449042f41005,0
ebb9cd1c4a68eef9f5481c294d5a2f905927115a,0
f56b3a300066b4bdc9a33daf3f2007bb4ec821bc,0
ed7501edfa0e3606421164a8fefe0bacad20262e,1
f40ea24f44ee1aeca850c1038af46711719ff87d,0
f8d79f2bbf1f02e39d90b9b677929cf2faa9f996,1
ebb67cbeed89aafec2c8428b44a0cce50e36e0bc,0
f0ca5822bb6e2bd2566c6ff12f8898eaa6ba2f18,0
ff5f875fecde6bf069a7ca4ef64b957b52fbafa3,1
ed0ca2529ffdab904a13bf77f58fe4ff32b76a34,0
f94ec3536889efedf91aaf149ddede14998badc7,1
ee28e692c35af3341e3512b060b12a045bb757ad,0
f7ceb4e8265c4e09fbd5587e3086307c5718e30f,0
ed122eb01f882b4a980f428583494981fb31298d,1
ed58693f52b37a4c792c8920b549587f1bb6d256,1
f756c1a98c02e6bf86da72f2570eaf7fe393300e,1
f933a7d95117a29c0303388104aefd7f01a84d1a,1
fb40dbcbac22f88aa7761841b12edfbae5a2988d,0
f015ab30b8354d740c3b2d0928b7d7a4a75dfc23,1
ef29aaf3a7c4dec1bab65ffe862205e211faffd4,0
f00a13c37067dc219ff37fb9125bf09222d26534,1
f471b315fe14f1c160de7c646e71f9634c665aa2,0
f9ae75193d50b16887e1c5ab836f39808699f924,1
fd7e1b869d5e68ed27a11696e9cd0c460eca69ba,1
f23a47c40920fb199a3b7318081b32f17c90212f,1
f73c94898796cb2b9807adb1c62a43fc7b0c5982,0
ffa88d2486261e20a395522c6c6c31ea049461af,0
e959857b08aec8156f6a043568e489b28d255a05,0
fa1448f928a332b190da3cebebba9830f1ab888d,0
fe344bf1078cad8925b1a28510cb33c563339440,1
f3c247cbd7db4517f0647034aa999139d5d1d0ed,0
ff900ffdda97fa79b5addd06140c5faf78ef7496,0
ef275f4a286d7d666d7f729be17449cb3696a61b,1
fe760269d93488df2e9d59a4d1ce07e1a2645f5a,1
f204eba0e8830d9b072253c94d7af38633b6fba8,1
fd8ccce94c95b4c60f41d1866b6ac5843102225e,0
f7bcfe685c08b1336009ec1a23addce5a7430576,0
f7fd68add49faf7552431f2c865b386bd32454a1,0
f5fd0b7d40259998b276220ef4c80545ade48312,1
f9b5d36b65ffd78fee1402ceca058ccf24497cbe,1
fd5b40a90108cbc00af0c4f005309151eae63b89,1
fcdd5c9206b5d37e7c3b72b9ace053bd30a043d0,0
fd113cdda860cef8157b4ba408a55a51fe0e66e3,1
faa3a9b4c97188ff89c45b62074424a102bd0b90,0
f34ba5ecce5d6fe7e949fb846e6f75cf3649985d,1
e8fd8dcb80b4be706b15be2cfbc7ae559c324847,1
f274b643cb5e7bd9b153abe4852f599fb6beed27,1
f969f0672e1c54fff7baf259e027d5e531fd9cc2,1
f43b17b4a6f97b5970198dc40515ab1241418f6b,0
ff374d79b5bef2a34d39c3d233564e3627596ae0,1
f1a2a5fef6f70e2fccde38baa8c5c8c0b09eb62b,0
f628163ab065276f8aa0c236d3a8a813f9e42f80,0
f5c8eeec049cd7e9df428c1487c8ca4459cd5dfa,1
ff2758350942ac7534d0835ce46ce6daca8b849b,1
f3512256abc9f80173749ee2edc036ef3c7834b0,0
ed3c73eab1a9f2836e5e5b84ba01aa7e13bb43fa,0
fe48c52a8745ff46a163bc9995d8a0486dac74ce,0
e9f0a4d1a30040919e01141ffbdf7309cd23f843,0
f8333801bdc22ab9a2f9f962d44d12089de9467d,0
efbfcc6a5119285f9bb4ec585ad87ceba968579e,1
ec81e42759835293961f4143c5f69077ea0f55db,1
fe8b7065922d1d0a62a0eae94eeb441e808e9648,0
fedaf7db2f44b040d6a6ceede2cb14815b106a4a,0
fdb89409eb318c1d43f5aba6c7936bc1ff72c17a,1
fd6d3aaa5dfa33f24e7efe2172d365ab29a5c392,1
f70eb5adc589c22a1c981e0786a0b6c7a88c57ac,0
fed64857045b84f92d9582e7f3730e34ea4f4152,0
f00d725bd4623bc24a59023d7957967fcf4f7682,0
f4e0d4b56613c579e185840b94087d22b37488d6,0
f50305ec1db41fcf98521d03e3bc08b88280b636,0
f92be5c87c2c42c0fdf437bf2198ff64853e58be,1
fa7e15868e1017620c811581bf7a11c6467a6c8a,1
efcc330e58b9acb4e2311ead56974bada9eeb2d1,0
fb858d89b71d561b3b203af12d684b4efc2cb147,1
fc857e4f1ddba3eee3522a17267c48a39af4e86f,0
f9f25b2b957b9414b44444e256f6ad0de27a2ebc,0
f07a702f93618c2429a08a53721de8ba598431b5,1
ebe3f78f02ef357267be4be5cd950ead38bc6568,0
ff919f9f51115ebc390c54fee365ab1659922370,1
ee6960d599adb1a9028eb6d653f5e1d1ddeef66a,0
ee073841813c10e2c69f0096331260581db14754,0
ed68f412a6e04faa2d6c1544fd51b2951f3bdd51,1
f96c50176b2569c8bc0232255baef796f8aa615a,1
feb29268a7307a2c340c5b844dbff68643f1a121,0
fba5f405ea7562e118f921e4a5c81d4a12919853,1
f0795ad53cf5be00b9c3c9c55df90ba522873853,1
f884721448fb5b1bca1d76b545dcd91538e71168,0
f1e6125897f335adf92928b9dafd7b0007d7ad39,0
eb40f93b0ec90fdfa7ca535cfd3b230867325187,1
ec30cc777028ff853bf84ae3bb3dd150357c6a67,0
f4b59faf16dc54ab31a9c6cd67ae5a72bf0a2b6c,0
f1b09b87670fe4e791ae59cc2fb4e6c91b5d9991,1
f1b494a3df5e51ef41dc86e39c3ef55eee0d3f81,0
f8e41ed2d687ed4d113340bfde97dc56af335452,0
fc04516755bc9c4329b43553f4096475cb93acf2,0
f933cf6921b687482a826e11cc10a331f4d20259,0
f909b6c81bb72280ee11a82f2d6d5ea25f7cbd64,0
ebc3c527f4ffc3f8ea76a419c15fa042c3a5d974,0
ff650357459b48312e340ee282d4a105cd68e6e2,1
e94b040d847e113f2a53d38f979a04b9c2f66bd5,1
ee887124062e4613e3e709feb1d347cf12aea5c2,0
fb70a5b3d35a9c8a64983aad64a4b915a4864e08,1
f18cc38eb57e9179caa64c76dfb9f568b43bcfa2,0
ecfb109cc7b12763ce4bf6b49dd47a077ac19ea2,0
f30710c2eb35c60ed7a95bcd7b40e00d27244e76,0
ef9a76bf33e111b09449ecbf4d93c0bd2d5dc841,0
f64fb8134df73ac044d70da77d52a7a5190fa37a,1
f7e3f18d2afc9ac3bb998c0a60836278b17deed7,1
ebe272fadeba4e31e4ad416a3ce27141dfb9cbd7,0
eb24b52667f673f4fc3805564053416f1994c185,0
ead991a6e92224fe344d1b5e6eaeeee2b0159d93,1
ebb19eeda438b97cf13712e2d0ee56afa34a7d92,1
f7151a86a59e9a0dd3cfbaba393458a4c63cb8c0,0
f86001a0235bed214ca2a81b0064019ac2bab577,1
f8e6b89613a5f5ac2a4a3514a539e2ef47eefad7,0
ffaf381237b2f7a94f2b305d5873f0e935b225e3,0
f48eba1b75df6331a43163452fdad5a6e5539075,0
eec37d14f43ec7c63a57d383d6203d62058ec941,0
f6ebfcc8b495f470062d61e83c0c2d2c65f0ff79,0
fb334de9745b56cc608ef7c15f439ab3b99b9b77,1
f45dd7a6a5431e0cccd1f10bf5e325caea1d6328,0
f52ce5c6039e8667e895309e8529153c0b8b1a8f,0
fba5fc598b17deb8d9165cc9d94a1ada04ae398f,1
febf2bc982c7210d933b0bc66b610d6e4ba2de3c,0
f70f5221558c602fa8ecb8b9d30027f6b67f481c,0
f738ae8ff6eaa3a516687a64d5c8d6cf3df31154,0
f236066cd88640b9c6ba3cbd0d1887721e5e785a,1
ea61cbd4c74cc60871397d38987d67c1f31b18f4,1
fd6a49771fe965dfc9efc2f5826e9a993cee98fd,1
ec6b7c532cb523049f61e0d21b0ed2b1100b002c,0
fa6c94895efc32800b65fead12790c3d3bb32d14,0
eb047bd4f4c24f295941f4f7053056e220fb2baf,0
f9743060efcd15d2142dda447825e06517967061,0
f491f08582abf4726404df26711ea9ae06ca879f,1
f680012ff6bd1f3e20ac857f546c3a9efe9cc85a,1
fdd7c55f4f925bc9c42bae6421b28d657ab1fd26,1
f8f9d14b03c32c82dd9075abac5b948d1a9b1cc8,1
eee4a3a7827adcd084640e59071e86ba479c9d75,0
fe47365e1477df9aceba77fdc4e64ebae9443d56,0
ffe6acc8249ddfdb35f43e2a96f810f08e28181b,1
fd9f90d3b7c1bf8a6b67d29838942f283a472b74,1
f6b745fa8bd26dd2a7da1f41e75486ea8ac93d24,0
e99461b136919b6eb7af3f781f9f5921daea728d,1
ec372ce6bdcbe988bb04064dad353cdd03fdf6db,1
ecd568dd9c1d9a5d379a4b51ecec15f57f5ca031,0
f397ac945b5870c1e88ab9cb9160675d701d2c90,0
f35b4b9493fda8f97dc10d7cc5a1da9447ad5ce6,1
fbfea297d0bf3d51f7118472ba96d17b3e45f25d,0
eed4c1601c9e3f6868bf8f90e400099923decde8,0
f26e030f41a8bc344d1a3a24163ab7996dfbfcd9,0
f7353215a241790044387555ce4fac03d85c5aef,0
f52cff217b8d350cf25c91e809dd66b3acc9a308,1
fda0a65a2256f6e9987f0fbe7270c8007056987e,0
f1df7a9306cf69550c54777e065c95da4d4d6042,1
ee7f618356f0c198da013e553184fbfc0313f7cb,0
eb6c15cf5375f77369086be5dcc6903294c26e3a,1
fcfa14f0310ca67f2f9d3777d200491871a3c8aa,1
fb0e2c3e8aaf42aee3ab21b91c6c1af0a3c08938,0
f52c07847bf53e33f72e41bc9e100a2216eb9ad9,0
ed3cecd753f6e3f52e3f8b21e27a926e4bbc29d7,0
fc4555cae9e5d507ef8ecf552ffd13cb1a5f686d,0
ed2504b64436a0acb20dea8d05926a6816c4d196,1
f83c6fbfb4f136c3c86a505558c3f30ba5c9614d,0
faec9af16b03d5630742cb8f3665bd66c92fe390,1
fe5f1487ccaa24892b3b2311d70affe433f76a7c,0
fb68045ef12f0f890891233e2d8f9c55b4dc3591,1
ea3893d0f502def2b8553559ece7ef0a2b1b5f92,0
f3e0d5748440871e928a34ef98a5c94c68183046,0
edbb7b8e1eef87ad3e213697a4d5d762b3046f71,1
ecddb23e55480ab8c8c5a3608c0d19742793e27f,0
f69576dc0a8bf2080b12793ecf7a7f4ae3e50554,1
fcfa1ede4ad76cc88f72f15c9f6ecbf3a2def5b4,0
ea98cc2a027792edfbd4e86811d2d25dd5d86bd8,1
fde4c088590f610e9171bbb1c36aa130f38ed514,1
f7db2e6ca96c8c427e59ef3c2517c72378c3d873,0
efada99b9d6371061a2f7aae6f3d0a431e497691,1
f59e57af06a48d3407bb6027565cb027113d940c,0
fdd7ea1cfd88bb88565583c962777dc0d4f0618e,1
fe95ff5e1f81982035ef1267be3b311acc81bb3a,0
e97446eee423be78ab271817bde4749e2aa70785,0
f37545784b1c33ec8129061cd216f6f161c8cbd1,1
f1b677dc795d4ff5b3e28d7bca0358b5e0011694,0
eb469c0662dd05a75ac2d3aace3c14d543c8606f,0
f5ab6a82d1bfed79ca42d97455367de9f3d8011c,1
f7a959ee4a35db4c774a7135ac922589d6ca9e18,0
f3db560f4ff49139e6b1f3594f7694cfbdf34b50,0
f7021489d945541dcd172094a54646cbfdb70e2a,0
ee1355dcb28be24ad31bb9c8c3729abed73e428f,0
f25b9092968377665a4932042866a28bb669a10b,0
e9c95823969fb368751a0691772e964132e7bac0,1
f10762610feb97e149f5a33570736e89406278a9,1
fb99a44c6c569d2c6f6c384e5b78a8a098cb4961,0
e9772e3e7189c57e10d91cb21254bdb90fcd8eb4,0
f1f2416ec6a78e6ab141fc52afcbbd2925a7218e,0
fdc984a2974c29db814cfe562006012c1c8bdc96,0
edcd965b2cf2255cca11e5c7e268225124c38b58,1
ebb663a951c5bc91b93bc871b4517dc2724b87a9,1
fefd5e7d770bfa6ac31d266075479476f14c2792,1
e9fd8ec655aa7480328f63ee73097e5d71e2f73d,0
f2eba4b2584b2f16e3cc4909894fb48d4c2ac4d7,0
ed9fdb660c02ca849be93fbc4c9dfe30143697b0,1
feeaf09b95ed005f9073fb7289b30b923c764104,1
ec17e788f2b9cac3462bd67e466eb341d120e7a9,0
e8ed64de2cac2a1cb20b734a08e65c879dc1c643,1
f929b631aa59a1246cf014423c44cebe92973d2e,0
e9fa10170fcd63aafff20cfb3b8015594f9c3e16,1
eef753bfa5ef45c47d8ae126cf382b751a238738,1
fafe5a7367a3f8be36422f4c56e6e06e5de291b9,1
e97f33b679b66c0c9d0e334b28fcb241ab0c81c6,0
ed888701724fbafb0fb4d42700c282ad6972f27a,0
f0cc1136e052b4cfeccf6a0d55732bdea6ebea69,0
fb934c418e03d3d6e1f795eea96ef48c72521df0,0
f2ce119d140cf550ea112455e62bf840bba0d14d,0
ebe8012d370e5b3a4acbefa4fbfbf96bc5bbe00c,0
ee469c98ccf3105ceeaa101dce9a2e2c74748bf3,0
fabf95b9b7c86169e80bbd3e15d7cc534e85129c,0
f28a1fd902db2a44d36f398a25803e42f08e0ea6,1
fb2051d38ddb8fba70ff57d2a9b36d7995a92136,1
f398ef45cbb28d1c5c60667048ad2afa7b120957,1
f7d055078c2e9b9118a6d6c64795b7ad3b5c3b6c,0
ff14e63c2b508b7e6cfb4c5ae12f6a4c58e28555,0
eccdc05266034f2375653c138cfd7b756c87227f,1
fbd2e2d165f95b359da450d82224355c2861c9a7,1
f1fc0df21a737614c86bb8c6f10b50491618713d,0
ff3283ade1e9ff12cb00c2ad2841db270d8bc501,0
fb6ad89e3db9e2356e44a5b9a067c55981a27c46,0
fead93a7cb4043f706fb5b9e3b3bdbab4a1f99ee,0
ff1dd7be24e74d29d5a91862179703eadfe8fe43,1
f3718c43cd3c0dc5ded0e8601b15d4a40538afff,0
f6c8dbcc60daa4b0890ed3eaa424b9603d7496cb,0
eb990489418afc129adeb591fd6915276dbc8948,1
fe5f2fa9c94f89bbf060212664a49cbcd9c6784b,0
f0eb733493558eddcea5180dc4fee78feb23b6aa,1
f02906bbb2b2084c4ed1659f265acd8c25f636e5,0
f1a233e5024fd2bc0b38f0f5c2f20ad6fb3ff919,0
f999b91710cde8e5f6eae73e37d5b53a156ebcd7,1
f29d6c6cf1e4275a9e5f48d0a12473d979ce5304,1
fa721bb5db3876a1f28e1addac8cf1a47e9703b4,0
f38e3ae831daa8681c0b7cc6f9a5865e73b1d5a6,0
fc00b2d53e2fb946d47a3cd2a0969812489b0e72,0
fa3bd8422a0c6a2ea26a58d290fd0a5dc9dd0571,1
ec262f69ae2421c6bad0d58a02424283f44e20a2,0
ec9e9cacf2ef68ec3de318a565e26467a242207a,1
f45d31706887e136c6138c8440af543c2baa7569,0
ec13bf5dde6e27bf4cb8e5232af255176ca21569,0
f0c00038596f633e96643b87a139bd779fdbd3d9,0
f5462465799f4455c5d4f92ecf913adf5020b5d9,1
f79414e2dc26dd2ddab3701a32184c92d34734e7,0
fa04670abf433edcdda6428b5bbe58aad5754273,1
ee3b1c79b7eb039df89ed2d0ec99a463c1e0cf5b,0
f11899f408971ad3a5ffcbfd3c3497b890bdd498,0
e9db9976bbc0f7810cfdaf4a2aa8adfe726b3088,1
e94915d656914d0bfeaf5fb9c9c558eef47146af,1
f07c7df12b4f0fbdbaf37aea55d02f2dc23cd8e8,0
f2f3f578d8e805161c8df1341a7cf3771591ce56,0
fc88def940c606a7b931b6aa5e70eb6b63a102c8,0
ff63db00ce3593b6075b05e8ffc3ad4469e9630c,0
f32f0041d586649d7d4ab05f883d9d4875eb5f63,0
f1826010414441948cdf26dbc8e67174a18e45b1,1
f631259c34898ec5a8d831ca56a84613097a85ec,0
e95c1334611b37d2cb670c7339558f7c403e6817,0
f12978f089501154c659c69342b59b478486bb01,1
fb254759c89c80df7fbe65ccf9fad02148ad17d1,1
fd5469955520c1017cf2c04dca5d5665b9dffd7d,1
f2f0234b61e61c26ab0f33ff02d343cac96a66cb,0
f7cb9a96889f542a952229e259883b28066ab795,0
ff09528edadf01919e08bd21ff29a57177fa2e5f,1
ef72150b666dd4141943c905efd0851eceec4b6e,1
eb33cb3ca57c66c2ff678c6bfc588d5c8cf2397e,0
f84cb42f43d552f6e9bc3546637d6fde3ed5d121,0
fc8264911228ddb576bc916a62e0b326219c72ff,0
ee6f2a730135040852c867350f6626358a0ecc21,1
f004cc07e1edfca9d7e0a61e07b946ae6688f555,1
f45de6ac47978a857f7ce9b9d707b7f2d5e9ff97,0
f58966cef3614d55a7558f5d87e2012cd341a5b1,0
f67370e7bfea1bde47e450b8f42f4668bf59c20b,0
f73d6dd41da8b6bd0c940bc18b33790fe5b63560,0
f3ae31bca3477b02fccd708571c8f5ceed237f2c,0
e90832b536fa2f292f8317214461d9d91b2cd7d4,1
f6aa8d740c367cbebcce748e396d6999d651386c,1
f193e97491c48e8f6d160dab5c70545e9504afb2,0
f036af4faae29f546476e285921b86d370cfa346,0
ee87c5005f02866c483e97e0607adf3747eb7e3f,1
ff68c63cbdb5a23a2cc0afda7ef1d530ed7a5106,0
fa424e360bfb742580abde881b6859efb5ecdd03,0
eb62636bd4372ef89c083c423febe59c0a58ed0d,1
f1c7ca569e4a531dd6fec9e2d3cd9a3f431c5fe5,0
f7b8fcaa9ab373f5f08969e3b748d5f391e2dacf,0
f8058a054ba441e7baa306aceada54939fc4fba6,0
e8ffc82d2642879ab33ac44fac9a7e3c9ce1ec9a,0
ec94412ae210208a16ff21029920bcce488f1394,1
ff59e319f011d64f2b3152e2c7783445f0dca9c9,1
ea5cccc0dc4a2a3eaf84c586882d9abd54ab3ca0,0
fd6d274e627b5c62947d36e84f34f0de0896b591,1
eba250b00f22f7bbd8cf18ca4546d105e8f29c57,1
f73e5b698ca4a687e72a386bc17c8414e0fb39fd,0
eabda2a274a18126f1a5eb65bde6eca62d6b83a6,0
fa99990959dbd89c3033626f59b6f567a727de48,0
ea3f1d917d7d09054883cc851ae00814787a92c8,0
eaff38bf13c274a49c9e78243b900dc40fb05c7c,0
f51cf5c3e1e069cf9693c323abb810af2dfcd56f,0
edabf979feeafe042a8c2798c4825499e14987da,1
ff6f54ebe59b1013f56f4ea087993d9f4e68b0a2,0
eea558a4e8a299e59e2b4a849919787efde57127,0
fde2714e2f70e817dc96724cbdff9cc9128ad962,0
ed7e9fb2b172e77a02d160e161a8ac0f0e17d439,1
f4d8e6ecd12a7d620e787a9312fefc830bd5f9bf,0
f077ab1ae1c4ee048b3f15c17bdd20897caab019,0
f29a1983cedb47cac88f1cd53399f4a1f28ba449,0
ee061906cfd64fabfdd543db2921f888ce674063,0
ea19faf75a3b8674dc2118362055087c1fea24de,0
fbab935e8a78a69cc2c22e893d54edbab278d8ef,0
f46b6a350b5590e942e6538757fa4fbf68752100,0
f37a0006aea99ec5831a1163d9a89aeafae8d560,0
e9404f29d88ba9a55b1ecac6b366f0cd4a5a12b3,0
f2c36075b7c06abe1ec722227c7350942cc1b122,0
f1c8b54b5027b2131df4e7b2ab8e0c62b7094061,1
ef29e35d9b6f97bc5d95cedc04ec6de573fe755a,1
ebfef86f84713193396a83a4f4da4c99242f618d,1
fe3063efdbb23114433e05320e39969239ec6427,0
ebd656cd8606adc2709b23fea6857b8783e7e75a,1
f7e4aad79b75e835752ab0fd13238438dc0e29ad,0
ea92126383c4ba41f84caaa056d5e51129b366f0,1
f9d900495fa3509dfd87019f10662d89abca58b2,0
ee3188d1a08af7a94116948bf471520719c807a0,0
ea34d7a74092d63b5530e4c399279f3bf02ac737,1
f3937ab8b33f8bb59981eb8f2405e648d933e9a2,1
ee4b20ed20383fa9f360e24165c6ca5b85e6d89c,0
f6042f9e2f23a0c60e08d7a96f888f9b30bbac93,1
fac8408481916149b41a44885f9eb5e6bd389742,1
f116056135962786734d42c3f2c791129537d38c,1
e97944a74730777725ac323a82520a1f81cc7b6b,1
eeda4fcc90975fb7e0190c2e25dee48979d9a772,0
ef8ed7ae1757775d9b8a6644f515e0fc93ff3204,0
eb618170c2252162cdf7ac3937039877eb0cd95c,1
ea57636e9f24f3224a95c367b004e9ba41fdd6e9,1
fc043a5e1e89a26f789b87dcdc1fdcf0d3932bd6,0
fc2e657cf8c76d6935f5d2d23d881d81f2dd962b,0
f7b9b520acc2ba05b9b11d881e7880b689ac6746,0
f86c49df49a122307538b9a88f378d44a7e7e2c9,0
eb1bf1ed31d0bf2f9006447c8871df146fe75051,0
ee454649308996d910b410c506be86d5085d75d8,0
fc64e65a9c3926c94eb191d123600b78a5ed570b,1
fcde0cf1a3605289d88f8af2670645b436b6fdf9,0
fd21fd8b6e0a30d045bfb7922668338d198c0877,0
f0157ed5bc86b8d1fe14340cd08d6af2bfff375d,0
fb85e09b55db0b1cba67eb65c594437564dc4ca5,0
ef685d1a2c50c45be69956ec8f8b438b357d81b7,1
ff1b1fc26ee58de4639c73e81aff3f66fb34edff,0
fe382865c933a9715a744dcd1c68e57fe84ea27e,0
f807b55253a4072d67627f9598589dd40f9c5482,0
fd26585d8ed155dfd6674f195bf00114cc38d8b6,0
ff73b353ac8d78f2f7008d321c60c03206813b01,0
fe3a843e51878fdbf8d2a0e63da1e07894f07bde,1
f2ec40745912ba178dce5fe984281d502c4ea6f4,1
e98ae8074dcc8af96a8c8d2646a4ea18ec2fa962,1
f40a364f643bc84af58b12fd74028d0bead931d6,0
f493b57d65bde0501083e804a2b892245dff15d0,1
f7d50fed0257a00466a81a405ffb7f1c1e64b59b,0
f3af013b113a3fb0435010764642e35b58ae5d7f,0
fcdfcb5a923bee0549676ccca83152f2dcd9e6ba,1
f2b5a8b8cd4bf2e89ae47314ae5e2d575b4d1a10,1
eba898d22a4f1a0deeb7ebe86e9809f6ad08c9b4,1
ee5a94f4f9ab442bc2ca24033dab45a4248aa27e,1
f159343a1e863ad0de72df0c2de22fbec1cef5eb,0
fa7f1604630b3c040f4f9a9949b050285dd1e852,0
f867c78aaa3d43e0107283cd45add07ab400fb2f,0
f30e9786273806fd1999850dd2b6f6409810d53c,0
fe26295e11325c153ffbda57e73136f29ef82f16,1
eb6d20db29180d945e400c5fc708dc13531c68e8,0
eb24a873820d8af70d1f5c583725085bf4a0a770,0
f7d9c127e01b55cf9182beaecc7a8d7f3279b932,0
e8fc913a2f3a27a6d332726406810a3c416da56c,0
f66126cbfbcb5779b733abdbe89b7b2c0cfd3ca0,1
fdd6371d7551cfe721be6dbe763ec396c670c6d5,1
f6fb40093afcdc7bde053b75dac393ce8d5b659e,1
ebc46d407c7beba61dd8a1ae117944cc45e8bdca,0
fad089786ec6ded235ce179e1cee50cb2bfa1364,0
f9ab9ed756bf47e96bd2b53ec7003a207793782f,0
f1731bb54c6a1f68d2f90be73e2d0c5b0efbc563,0
ea7563e5cd928bd415db25cf87f089155915d764,0
f6c7c718009bfb2fc6b9d00a53acc39f799aaef4,1
f25107152a4018180f299ca4bbac34bc6e9a47b2,1
f33dbd2f0e136f4c1f449a2fc14851d828fe6d31,1
f8783afc3f02a7cad01fc9699c6964d00f1cc02d,1
eac97af0173872402b6a07e61e41aa1d38748da1,0
ef75fa249d5d65f6e23aa1cc3db3a2ed72777ff6,1
fbb91ec1e8df4f715b9078f554034c08befd40f1,0
f4efe483c5d3f978e37d67fbb476e803f933b687,1
edfd0579a505534c9e7d9ce06f8f29fc73d3dd60,1
f656300921217a1b928ad622cd25ca5c4b2e75b5,0
ed848ba1e44cdbc46dcc7b87cbce726387c308a4,0
f5e9ada21da011be6adc845b0bece91ba78cb330,0
ff376f4eaf58600a587ccc205071660cb786a339,1
eabcb978bd3e7e567a1e46126db6bc439475e0e5,0
f799bbb61eb57ca7ea2de300a31a4bb26aaf0727,0
fb8206ebb066fc85294e50fe1beb541720e1f69f,1
f543d44651834a4b6d4e1ea0583907ec1a8e5ce2,0
fcfa3c0ae528ae74bd300923356dd784082a26e8,1
ef74f9496379eb49995d1df3cde17510c7d56469,0
f8f4d6c4d4dc9ff2be4e14d70335c1033fdbb687,0
f612b15a64c12f08dbecef3dbf51256c5dbcc4b8,1
ffab1fec3efde2627f27696c7733eab34909ac5a,0
fd7b256e733ae8c56bba42e60501e5f80e73bada,0
f8b017b81dcf035003a576a5b00cb36b18728825,0
fbf1631f552e4bacbf2a0814691911dd7a8ccd44,0
feec66e8ebf88c274a50ed034ac10fa1cbfbe4b8,1
f418dcd6d50b51c0bcc39d56e3cc4081da83c16d,0
f7cd2596f088306e0bee731a6dc5eaa8f8381c39,0
fc0af030c06cbebbfc07ddc4d82c88782803592c,0
f6b276bec64a1d4b41722b171e5f63921bb289b1,0
fa902dcfa4e5ab3b409482e13a9b0f8f8d8d4969,1
f596ebde2887ec58c1fc2c161fdcd99c68f6693b,1
efa06a5acd135e21a4174d5fe0334462dbc819f3,1
f82d03d516b500647a72b30ca3a3e592e5bda98e,1
fa85011cc12cc29882e588aa6cc3073d86c0eda2,0
f0ff470ffa6508be3d42787d426326e9c662b969,0
f1963af526f10371192c0f47f9421f125a2943b9,1
e9e9c8a583d9493716d26803221f041a1239ef0e,1
ecfb875f42cd75c34857f9e319958fe8b3ce75a3,0
ecfdaf2db86838217b2775588e27871af418a457,1
efb65ba63b220a1b970165f6b2dfb95560244d5f,1
f365cd6749d809e6a1594cfa3e9af73d2e1c06f0,0
ebc13c93b7ad6ce668b55a103e3cf4c0aadd6698,0
fa44be2f0ec6294a4175e6390249836887fae787,1
f5d0e931894daa40b89821c7c2fa1b63c9000753,1
f1e41f8eab080e7b7234890fa57a60e3b52f5c65,0
edda6066675438eb1db7644f5549a3a4da381358,0
fdc7090d6c8876f0679861225ea49eaf6ee44f1c,1
f54b9ca5ba2fff32286e276fce06ce02c0991264,1
f7e6789b51f5c909bb27c55452e089fca17d61e2,0
ef43ed9fd048735410ee2fad5ec31099e14b1fc2,0
e9f81f1d5b1035b754724dba99d22d9c537f2d04,1
f0bb48ee9d2d656a0491971314189db6a7912416,0
fadfbd4c5f53a546474273943bbe120014b79bd1,1
f2247c717fe4eda2d13874e1b3900eaf2ae0a8f2,0
f700ee85cc19cb8b7efc5a8907f6ae4e4c3e73a1,0
f513c06f91be1133a884a1cb54f7540db57d754c,0
fc4a05556a8759542b7137a0ef10ece131c7373b,0
ea3d794b4d98adf7028ac69e1af5c546c60176b7,1
ef81f7f60de01f7145ba9f1829fb9091a535d0e5,0
ece2154d02370af5dec9c7c0ab380f335a18d971,0
ea9b834b9aaa5d7b46c13f383c506a2019252e2c,0
fcaf489decbca8b0af081a88c376e16731ab6110,0
ed9c58e4d6333426994330ab5fbce26d05860403,1
f7c431f130a9f108ebeef099d56255d1df09c55f,0
fef5905d867dc9bed0cfff5b369501a5b8d557b4,1
fac0a122328324604769b5f899ce2afa1ec51fb5,0
f56459a1c98bed7a0b668dfada10639000c009c0,0
eee9e280b997676a6f2ea49cd6711f64e3227649,0
f6d335dda4b0637e3c2d3d1f9d23053b91b1a2e7,1
f3b456cad0826969fbdddd7ee8dea5ff05d72408,0
ea40f0b4dafd528fa7109416968394f3f9d5a58f,1
f804b084b7019337c4dbe8241b5aefcf951af973,0
f6f728be5f1a9d5b2ceac5278e190d0bee479dce,0
eceac05bcea15d34f3f2dee7ad1b691f00468f9f,1
ec4171fb4e63421303675f834e0f37254e8d294f,0
fbb1548bf09d5e6f0bb6d9f7d995f0b08cc411e8,0
f6db4f77a3f8323c3aa0c98ab058e7143aa8e8a7,1
f2db1d1c33d4e9c9ac59da0baa3accb60cb85594,0
ed07f14b901e84dbefcf8b3271c3d1308ccef0ba,1
f0234ab3058df91b76235746e3e578222149a173,0
fa7d900b9ded481c773ba1d90643d914557d1c2e,1
fc4437210a69fb3cbe5087026a37cc10fbe5a8db,1
f9f7ef45b4ceb604bb701abbb9e0b7f43fdd1c85,1
fa1e812f6bc52385301ea2df46b695423cdbe318,0
ee45b458a22c475f24d4aa4316d2899964aad72a,1
f3687bdb4f932fdf3e49ae3dc5a8c73cc8864286,1
f0db799aa86230de6a6271422bfd3ae536c5909a,0
f084073ad171ecaeedfad10fd3ba11ec5c01658c,0
ea466351e2ed603e448aba985b8934787a14a551,1
ec8da47be32783027af0de7211b5980e8215a356,1
f20d88a13f35dc19dbddbe338186de79f39c72f4,1
f221e3b5a087d854572dd479a71f8943639db870,1
fcf8650c37059269de955a9c66aff3bc4575e752,0
f83e65dbee157275458e3d8c4f6c4cf9aad92eee,1
fbeb00b8b6ee5424ede1e1bee15d86089c487d8a,0
ef0e46bf5ca1d8a9e17a21b21edd37c729148aef,0
e92d27c4aafdb8f8422635981a1aa8c3e6e3fd81,1
ec3ba1a94b3bb4554b7c77b0974b0264cd323ecd,0
f539e3a0263b3754b463598286094f94da53840c,1
f635c53e8529d57987da47c040e63adfcc9d5803,0
eb6072af13fe342366b7010a48498048ffec420a,0
f7baa80c9db3129e90f2725398cb1f39bb4c5d48,0
f09d3fd4d6227673896a7ea47cbbf4d6e8a8d59f,1
fc73e378a2e44cf8210f63185309a90718000986,0
f8568d2e10e929423d8401109b39142cce1d9eca,0
f33557743bed13b9b97a4d53eb28ddb2235d151a,1
f98892fbe8cb4f27ee8d76863794e0e113d22a01,0
f591232ca18e3565e8a5980065322ff48389a6f3,0
efdc9de325208c994875faf92cb5459823004e45,0
ee6b1ab412265453c561d380463ff3cbeede8d3a,1
ed0bf11330e8e0b3b62504f1b445f06a22f33a2c,1
f6f52ba291e3bc95c5373981e7b57a58831d563d,1
f5adc9e68e8681ee316b42395c684e1dc6753388,0
f7e20d9a5b136b32bbee7b17a4032b7ec39edf10,1
ee12f20486daefc809a8fecaf676f9147e4bed47,0
ed47279d542e8b4cb0c4e9c091958c4e766cfe49,0
ffd62c524ec2ebbb12420476cec3dd0118de184f,1
ea7e2204205aef32e6dfbb5e9cfd821c00188b95,1
fca5ff4938141d98d5fb5c69aa9ba8a07ad6c652,0
fe1a02f0f7602674c3295c82f1f6a0b3edbb361b,0
eeeb797f459d208dc17475c4d0860a409b029352,0
f58c11e382458151fd8f5a9763cac935dc6bca8e,0
f0f64793917aa13619675c473accaeee65ef1452,0
ea2e5cc81b2cec009b47cbe0309030574da63020,1
f5e1113f3681a3d241a5e7617945bdf03778dade,1
f8932fd731de49d7b50d1a9bf36e41d1a9449610,1
f59b9a63616c0070355d208909464c86b1190d22,0
ea99912e88449aea96d053222b4346050557a1ae,0
f8911196c2caf86b54c19f7952006dc4eac22833,0
eca89e013f823c98ade8af0116f1be1e4036c568,0
ff49a64614d2cc154d443e67283afc7826bd93f7,1
f40c9493f7e9366f4c6b99fd67a62599095f7a9f,1
f6fb384a95bd2a92ac12ab25e76b6c45a3937624,0
ee93cfdcd610e96d35056c731c166c2cf4767059,1
ecae507ac45a02edb1bfad400a19d2048236cb87,0
f61850d5e5f666662d35f12bc726781b80d94bf5,0
fddd15d9576b302a8dd646bd9176cc3932bb151f,1
fac687f8fcb966421cdf73b241e5814850671840,0
f78a07472dfb44deef6509c4e85e2316df2c210e,1
f17910001e95619f8ea55718845507df33ab8d9b,0
fb43223a63489d8ad1e1a39d21431203f4683521,1
f1c739060cc2aa39a8b058dc14d0cb2a7b98f78d,0
fc8e70be87f1ee7c4de89eaf6e15bae0613ae41e,0
eb128ae01e40160066113da4354982dc568755e3,1
f180417da7fd225fbe72ff06b20ccfa55af47950,0
f567ab5be8c354517db4a22761f437e8f9e714d3,1
fd7527f27daa38bc19ab19680b0a5b63a8d8f44c,1
f4c218d6da757796f82fd92a36fc91c4f12c2d41,1
fa28b153a5281cdb126ffa00b348c1746883e2b1,0
f9b9c5c5b56f11513e4bff5dd62d59645d932e05,0
ef2b6da8fac095c55d1f3863b8f33bd3ccca3128,1
efb95a24eef732fa9c4824ef63f26746ae419cf7,1
f0e493522470d6c2b7584f4803654b42b56761d2,1
f6dbcb53cae6db5fc1379cc2f3e34d2d933cbf64,0
fe8727df115afa5fc2efdc9516d7b494403bcb9e,1
e92e7273a20d4c277a3fc4b0ed5a66106d5cad95,1
f3ac4ad5dee2135efb785f9a5b8a00081d68828c,0
fbad0d910370868d31051590818bc706a2df5a48,1
efb17bd932a57195facb219999c28f2c1f4bdf63,1
fca36d71b6954509fa85915c887cab4edd0197ea,0
f39593228beb0913476d37968a4bcdec1158c006,1
f94de3cfa18678c936ea7cb575de83e77e37a0dc,0
f716d8105d92a0a74356c3e6f3c18533bdb3049b,0
fd3e02241c15aceda691e316bdefe2afaef7a859,0
f28aa47b3c75dd969ccd5ec8879478bee705fbdd,1
eb6d55bd5ee53da9a0f10ff3a0332a9d82bba640,0
f8e8374d931b8a24c7ecefb69053ba9b096ae797,0
fcc0d5d7dc1181ec4b1b7987e393a0d13948e4ab,0
fbb60fe235204ad08b7c2170941d60b5f0a6245d,1
e952956dab23ed34fd1c8129edee492351067442,0
f0d94a8836b775a41d28c538ce200cfe05be14fb,0
fad894ec4a4ede2a060535fe5b095c4ead4c1f75,1
f131a17db608f331cbd14ead78fd3ca331ba8a8a,0
e9428440263d7fde4d754a0ec70919f07055bf6c,0
f6e5a8bfc4d5825d5b4e4ac4eb8f5dae94867d23,1
eae95347378c9e7f83b7695e2ff4645af635568e,0
ebe858a14da9f57e5d97e50d1a52b67fc9ce1150,1
fb6a5eea0dd6989220ed3febef637dfff40fc8fd,1
e942c07961f89d0dc74db5f8757827299f07ac5a,1
f75e20488c0a1065763dcb3375922137abfd075b,1
fd4e4e44d73307a4260bac9e55dd67b08657c0da,1
edabae4f74b63b28d1390b26f9260474b463341a,0
f8ac41cc82efcc425ca51eb01ee11ec82ad4cfd4,0
ff9777eaa2c282339d7b94281694473ba9f156cc,1
e9e2c8e221f1b9374025a956e5a00f2118caab4e,0
fb3e50ee1e268f2eb63dfae2f471a5461d16c136,0
f7700ccc19cd208f5b4252a481c0eea6f48d5d27,0
ef116ba8225b81fe7ee9af4af23da58a8bd6f86b,0
f549f2423a066fd04159adada69ba783f5a4d118,1
f77c5120ca051b28a24b41990fd18db514a1d4e0,0
f1960f9ed18a93f6f09cb14a9b6951d3d187f892,0
f91953c7640e1b09f2dac73eeda37b7a660d395b,1
ff7ab4d25643f09781fa73313744efb9e63c4751,0
f6e962f8299f582219cde05f5c5deb544498d51f,0
f13bba13c215fdbe9d85f9e1ad8277672781adbe,0
fbf9ef0a6922f5918904ffdec8c5bea4334ab806,1
f0b14acaeea8b12e19523b0fdf73fcc08d1fc339,0
fe5c683864320f9b9c62836f5083ed3110b6f8a3,1
eb9c3aede940148df1836b7a23e263d6bea54f5c,1
f231043a5dd09b29f365dbdcc6d906ad2bc33299,1
eba1d85d60cc00ef6df552906fefe564be444d25,0
ecd707036bc81cab528d3c9871882806d4c4ccb8,1
fd77715b3c0b5254e045dd72997eae8c7f4bff36,0
f70cd05287b74a13737785d15e2e6aa2d412c4f0,1
efda974a25e2c3410dc2861278117c4c098c207a,1
eb3a002c4434d11d167bab0b0f840f8e067fd0ea,0
f2eb6433d6f22626cff9d86f25c9e022678803e3,0
ffa48b4718541834600d51baffae80878ccee4ec,0
ee8d585651e4f26f9d0e956bb5827839c0b6dd23,0
fa975bb50b1012ee935242c4ac6fd6b22ee6b414,0
fc8430fcfcf627c046805d255ce3506e6de5fba2,0
f4e858618bde12c22d918752a8e8dbab63ae4c45,0
f8c6869295407a27faeb4fca357be70405f3651b,1
fb1e9d1f439ccf34d7b3da27a85df6e9c306149f,0
f7f098f8960d9f48f6e8c8ad4cc329c5e4be3254,1
f2afec584f9610c7872e522bd387d355bf500f14,0
fd663e64895b4eaa1cc33e7893c52e763e2fcbda,1
ec7a068a8b95d3888a1eda94df4826c83a8f7850,1
f4bed33fce3814d4105cf568e8d7295f332d52af,0
f445b03ad1eaae74f660077f2fac9b0383be04ce,0
f80d1a3153c5a4b6aceb6a70afa3c3f3b879b095,0
ebc111a2fd474800545fd7a1c00d82e737dd0a0e,0
efe29291c8877efca3dbdffe7d6cb2603900bc80,1
ec14e1738446de87d3b6465e93d31696cd38a213,0
f08db5d69166f84e93f142a8344d3eb94d931787,0
f13d4fbc05672d1d946298804f76451b9a4a1051,0
f4a5ae74f7d80e9af5fa76b9b0a7a8f1b1914729,1
ee6315025b8a25b0a5cf086cfe7fe3a1a842bb99,1
ec2c0cc11e4857dc2f1fca078c66aa3cf790576a,0
fa130ab400fb1bfffa6f46b05f4e24cb11839900,0
f43dc278b8388eec1b2045cf367fd64d735f2e1c,1
f6c0a86cc8f6ddcd489de76dea216759633b2a1d,0
ea916c4c4b5235b9b7518d54c0d5b4eccb600a04,0
e984fa508a5109e400cf3d5e703684bdb9e09900,1
f0605b7ff8d692c21dca1c69ba8625960dcf7f57,0
ee136302723f5e82cf0119527d8e76229b93a89e,1
fbb3901080df3d797446dee50bd3b4b2b9915d4e,1
e9b9ccd028ca30179c16b4efcc016318756f052b,1
f723f524d01ec0a6fdc83644098a9be693ca9b26,1
fb01a12a67c6f460a870025976fd8091aebd8766,0
ee50ec07ec8fd1b8ad6c7fdbec9b28cb88ae7361,1
eb32f2d4a80e81786434ff7dc829bd35255496ee,0
f0aa7873d8816c54eaaab2b8adbca7d6f3ce5c20,0
fdeee02e3ad15a67f4be9f3ca638919ff6f12712,0
eb5d555580a37195c1123f469bc4e25e4efeca2e,0
f86b1555f25e98d13553e6bd522a2cdb8c2a8116,0
f39d35226926019551a2125f83ea919b9c162bb5,0
ea6def955b7843c3b177ef8b5f8a11825427a0b9,1
e9b342659cd032b9f111ea55d2f2e9c0ff6a65fb,1
f6ac1b55fda4cec4d9abf6bbbd063eadc051b79f,0
ffa70638de22dd7687c6e22dc3c96b58730e3af3,1
ff0ee346a8386bc1333efacd47ccd1fcbb53d7aa,0
f39926c061ba0e6e3943f273111198ec6f7cf370,1
f02c33f0e8ebbce7e0b0837a7b32a47bca0ee307,1
fc0b702a26ba6463dfe6e32908554cc123d8f571,0
ef8b072edc64a496a696131a6c522d2bb4d0a9f4,0
ef0446cc9f9408f75476d4d23179cf3678f5d890,0
f2fe288bbedbb3acafaa2119a14c1b6492c0d79a,1
f2287b0a5ab8fb92a843a11db7968edf851bd7fc,0
f52fb983fc8e4eb9842c7d22439265c3ae5b37bb,0
eade4520fa1f27eb497a636e4ec442e302176d9e,0
ea43e6290a22c90deaac114bbe32a7639da39ab5,0
fa445c510f190fde926e0d0511c099809db87795,1
f43d9403cd19432740f08fbaaa14bd426b3b7476,0
eb7c9b6155a400793be510e816d50fd099dd52a6,0
eb94a5b83306294cf652c26966beabc08538942c,1
fbeba5172879d42342a022aa5c34e0dccbdc6632,1
ea03504413b174d3ff56fb737fdb7b970e7311d9,0
